2,Albemarle County,160,Agnor-Hurt Elementary,1,10,13,0,1,2,8,10,12,0,0,13,15,2,4,90,0,90,2013-2014
2,Albemarle County,160,Agnor-Hurt Elementary,2,7,12,0,0,2,1,6,7,0,0,16,16,4,2,73,0,73,2013-2014
2,Albemarle County,160,Agnor-Hurt Elementary,3,4,5,0,0,2,1,9,7,0,0,19,20,3,4,74,0,74,2013-2014
2,Albemarle County,160,Agnor-Hurt Elementary,4,11,13,1,0,2,2,12,10,0,0,11,15,4,4,85,0,85,2013-2014
2,Albemarle County,160,Agnor-Hurt Elementary,5,7,12,0,0,2,4,8,8,0,0,17,15,4,1,78,0,78,2013-2014
2,Albemarle County,160,Agnor-Hurt Elementary,KG,10,10,0,0,1,1,11,12,0,0,22,16,3,5,91,0,91,2013-2014
2,Albemarle County,160,Agnor-Hurt Elementary,KP,0,0,0,0,0,0,0,0,0,0,0,0,0,1,1,0,1,2013-2014
2,Albemarle County,160,Agnor-Hurt Elementary,PK,6,4,0,0,0,0,2,3,0,0,1,0,0,0,16,0,16,2013-2014
2,Albemarle County,1060,Albemarle County Community Public Charter,6,1,2,0,0,0,0,2,0,0,0,7,4,2,1,19,0,19,2013-2014
2,Albemarle County,1060,Albemarle County Community Public Charter,7,0,1,0,0,0,0,1,0,0,0,4,4,0,0,10,0,10,2013-2014
2,Albemarle County,1060,Albemarle County Community Public Charter,8,1,0,1,0,0,0,0,0,0,0,6,5,0,0,13,0,13,2013-2014
2,Albemarle County,880,Albemarle High,9,24,18,2,2,18,19,51,37,0,0,146,175,15,12,519,0,519,2013-2014
2,Albemarle County,880,Albemarle High,10,24,22,0,0,15,16,28,38,0,1,171,114,9,7,445,1,446,2013-2014
2,Albemarle County,880,Albemarle High,11,14,21,0,0,16,16,25,31,0,0,151,152,16,14,456,3,459,2013-2014
2,Albemarle County,880,Albemarle High,12,17,21,1,1,10,17,28,35,0,0,150,151,11,6,448,3,451,2013-2014
2,Albemarle County,1053,Baker-Butler Elementary,1,7,7,0,0,3,0,9,7,0,0,28,33,4,4,102,0,102,2013-2014
2,Albemarle County,1053,Baker-Butler Elementary,2,7,5,1,0,1,5,4,3,0,0,35,24,2,3,90,0,90,2013-2014
2,Albemarle County,1053,Baker-Butler Elementary,3,5,5,0,0,3,6,2,4,0,0,33,29,2,2,91,0,91,2013-2014
2,Albemarle County,1053,Baker-Butler Elementary,4,2,7,0,1,3,5,5,2,0,0,40,30,7,6,108,0,108,2013-2014
2,Albemarle County,1053,Baker-Butler Elementary,5,6,4,0,0,2,5,6,7,1,0,34,32,2,2,101,0,101,2013-2014
2,Albemarle County,1053,Baker-Butler Elementary,KG,8,4,0,1,3,2,5,5,0,0,37,29,5,9,108,0,108,2013-2014
2,Albemarle County,1053,Baker-Butler Elementary,PK,2,1,0,0,1,0,0,0,0,0,4,0,0,0,8,0,8,2013-2014
2,Albemarle County,900,Benjamin F Yancey Elementary,1,0,0,0,0,0,0,2,1,0,0,9,9,1,1,23,0,23,2013-2014
2,Albemarle County,900,Benjamin F Yancey Elementary,2,0,3,0,0,0,0,3,2,0,0,5,8,0,2,23,0,23,2013-2014
2,Albemarle County,900,Benjamin F Yancey Elementary,3,1,0,0,0,0,0,0,2,0,0,7,1,0,2,13,0,13,2013-2014
2,Albemarle County,900,Benjamin F Yancey Elementary,4,1,4,0,0,0,0,3,3,0,0,11,5,0,0,27,0,27,2013-2014
2,Albemarle County,900,Benjamin F Yancey Elementary,5,1,0,0,0,0,0,2,3,0,0,8,6,1,2,23,0,23,2013-2014
2,Albemarle County,900,Benjamin F Yancey Elementary,KG,1,4,0,0,0,0,2,0,0,0,2,11,0,4,24,0,24,2013-2014
2,Albemarle County,900,Benjamin F Yancey Elementary,PK,0,0,0,0,0,0,2,5,0,0,4,5,0,0,16,0,16,2013-2014
2,Albemarle County,100,Broadus Wood Elementary,1,1,1,0,0,0,1,0,0,0,0,26,33,1,0,63,0,63,2013-2014
2,Albemarle County,100,Broadus Wood Elementary,2,2,1,0,0,1,0,0,0,0,0,15,25,1,3,48,0,48,2013-2014
2,Albemarle County,100,Broadus Wood Elementary,3,2,1,0,3,0,2,0,0,0,0,21,24,5,1,59,0,59,2013-2014
2,Albemarle County,100,Broadus Wood Elementary,4,0,1,0,0,0,0,0,0,0,0,26,19,0,0,46,0,46,2013-2014
2,Albemarle County,100,Broadus Wood Elementary,5,1,0,0,0,1,0,0,0,0,0,31,16,0,2,51,0,51,2013-2014
2,Albemarle County,100,Broadus Wood Elementary,KG,3,3,0,0,0,2,0,0,0,0,19,13,2,2,44,0,44,2013-2014
2,Albemarle County,941,Brownsville Elementary,1,2,2,0,0,1,5,2,2,0,0,50,66,1,2,133,0,133,2013-2014
2,Albemarle County,941,Brownsville Elementary,2,1,4,0,0,0,0,0,2,0,0,46,41,1,1,96,0,96,2013-2014
2,Albemarle County,941,Brownsville Elementary,3,3,3,0,0,0,0,3,1,0,0,61,47,1,4,123,0,123,2013-2014
2,Albemarle County,941,Brownsville Elementary,4,3,3,0,0,1,2,3,1,0,0,56,50,2,2,123,0,123,2013-2014
2,Albemarle County,941,Brownsville Elementary,5,2,1,0,1,1,3,3,0,0,0,33,50,1,1,96,0,96,2013-2014
2,Albemarle County,941,Brownsville Elementary,KG,6,3,0,0,1,1,1,1,0,0,31,42,1,3,90,0,90,2013-2014
2,Albemarle County,941,Brownsville Elementary,PK,0,2,0,0,0,0,1,1,0,0,9,4,1,1,19,0,19,2013-2014
2,Albemarle County,340,Crozet Elementary,1,1,1,0,1,2,1,0,2,0,0,30,20,2,1,61,0,61,2013-2014
2,Albemarle County,340,Crozet Elementary,2,2,1,0,0,0,0,0,1,0,0,27,12,1,0,44,0,44,2013-2014
2,Albemarle County,340,Crozet Elementary,3,1,1,0,0,0,1,2,2,0,0,23,23,3,2,58,0,58,2013-2014
2,Albemarle County,340,Crozet Elementary,4,1,0,0,0,0,0,0,3,0,0,14,29,1,1,49,0,49,2013-2014
2,Albemarle County,340,Crozet Elementary,5,3,0,0,0,1,0,1,0,0,0,23,27,0,0,55,0,55,2013-2014
2,Albemarle County,340,Crozet Elementary,KG,2,4,0,0,2,0,3,0,0,0,23,25,1,1,61,0,61,2013-2014
2,Albemarle County,340,Crozet Elementary,PK,0,0,0,0,0,0,0,0,0,0,0,0,0,0,0,0,0,2013-2014
2,Albemarle County,10,Hollymead Elementary,1,2,0,1,0,4,5,3,3,0,0,28,27,1,1,75,0,75,2013-2014
2,Albemarle County,10,Hollymead Elementary,2,1,3,0,0,3,3,0,1,0,0,25,29,1,3,69,0,69,2013-2014
2,Albemarle County,10,Hollymead Elementary,3,1,2,0,0,6,3,2,3,0,0,25,29,4,3,78,0,78,2013-2014
2,Albemarle County,10,Hollymead Elementary,4,0,2,0,0,5,4,1,4,0,0,30,33,3,2,84,0,84,2013-2014
2,Albemarle County,10,Hollymead Elementary,5,0,1,0,0,7,7,0,1,0,0,27,26,5,1,75,0,75,2013-2014
2,Albemarle County,10,Hollymead Elementary,KG,2,5,0,0,3,6,1,0,0,0,29,24,4,3,77,0,77,2013-2014
2,Albemarle County,10,Hollymead Elementary,PK,3,1,0,0,1,0,4,7,0,0,5,6,0,0,27,0,27,2013-2014
2,Albemarle County,950,Jack Jouett Middle,6,14,19,0,1,4,7,20,14,0,0,48,49,4,4,184,0,184,2013-2014
2,Albemarle County,950,Jack Jouett Middle,7,11,14,0,0,6,9,22,19,0,0,53,44,3,6,187,0,187,2013-2014
2,Albemarle County,950,Jack Jouett Middle,8,7,20,0,1,13,10,25,18,0,0,75,64,8,6,247,0,247,2013-2014
2,Albemarle County,69,Jackson P Burley Middle,6,13,9,0,0,2,4,24,17,0,0,47,41,5,10,172,2,174,2013-2014
2,Albemarle County,69,Jackson P Burley Middle,7,15,12,0,1,2,4,10,17,0,0,50,63,5,3,182,0,182,2013-2014
2,Albemarle County,69,Jackson P Burley Middle,8,18,19,0,1,1,4,26,17,0,0,55,51,6,6,204,0,204,2013-2014
2,Albemarle County,942,Joseph T Henley Middle,6,4,8,0,0,3,2,2,4,0,0,128,130,5,6,292,0,292,2013-2014
2,Albemarle County,942,Joseph T Henley Middle,7,7,5,0,0,2,4,2,3,1,0,109,124,5,5,267,0,267,2013-2014
2,Albemarle County,942,Joseph T Henley Middle,8,2,2,0,0,1,6,7,6,0,0,107,117,4,4,256,0,256,2013-2014
2,Albemarle County,20,Leslie H Walton Middle,6,0,1,0,0,1,3,7,6,0,0,55,47,3,1,124,0,124,2013-2014
2,Albemarle County,20,Leslie H Walton Middle,7,6,8,0,0,2,0,10,7,0,0,55,37,3,1,129,0,129,2013-2014
2,Albemarle County,20,Leslie H Walton Middle,8,3,4,0,1,3,1,9,4,0,0,35,36,3,4,103,0,103,2013-2014
2,Albemarle County,40,Mary Carr Greer Elementary,1,7,7,0,0,8,8,16,17,0,0,9,15,3,4,94,0,94,2013-2014
2,Albemarle County,40,Mary Carr Greer Elementary,2,9,8,0,0,8,5,12,15,0,0,17,12,4,2,92,0,92,2013-2014
2,Albemarle County,40,Mary Carr Greer Elementary,3,9,7,1,0,4,4,10,10,0,0,8,6,1,1,61,0,61,2013-2014
2,Albemarle County,40,Mary Carr Greer Elementary,4,4,9,0,0,3,5,19,8,0,0,11,13,3,2,77,0,77,2013-2014
2,Albemarle County,40,Mary Carr Greer Elementary,5,8,3,0,0,4,4,9,11,0,0,12,11,2,4,68,0,68,2013-2014
2,Albemarle County,40,Mary Carr Greer Elementary,KG,14,9,0,0,13,3,12,23,0,0,17,21,7,7,126,0,126,2013-2014
2,Albemarle County,40,Mary Carr Greer Elementary,PK,8,9,0,0,1,1,10,14,1,0,3,5,2,0,54,0,54,2013-2014
2,Albemarle County,250,Meriwether Lewis Elementary,1,0,1,0,0,1,0,1,0,0,0,27,34,2,1,67,0,67,2013-2014
2,Albemarle County,250,Meriwether Lewis Elementary,2,1,0,0,0,1,1,0,0,0,0,40,30,1,1,75,0,75,2013-2014
2,Albemarle County,250,Meriwether Lewis Elementary,3,3,0,0,0,1,3,0,0,0,0,41,25,0,1,74,0,74,2013-2014
2,Albemarle County,250,Meriwether Lewis Elementary,4,0,0,1,0,0,2,0,1,0,0,35,22,0,0,61,0,61,2013-2014
2,Albemarle County,250,Meriwether Lewis Elementary,5,1,1,0,0,0,4,0,1,0,0,33,25,0,1,66,0,66,2013-2014
2,Albemarle County,250,Meriwether Lewis Elementary,KG,1,0,0,0,0,2,0,0,0,1,36,24,0,0,64,0,64,2013-2014
2,Albemarle County,250,Meriwether Lewis Elementary,PK,0,0,0,0,0,0,0,0,0,0,0,0,0,0,0,0,0,2013-2014
2,Albemarle County,1052,Monticello High,9,15,12,1,0,5,1,21,21,0,0,110,104,8,8,306,0,306,2013-2014
2,Albemarle County,1052,Monticello High,10,17,14,0,0,1,5,22,18,1,0,97,105,10,8,298,0,298,2013-2014
2,Albemarle County,1052,Monticello High,11,13,11,0,0,4,1,14,12,0,0,98,70,9,4,236,0,236,2013-2014
2,Albemarle County,1052,Monticello High,12,9,9,0,1,4,4,18,20,0,0,89,99,7,4,264,0,264,2013-2014
2,Albemarle County,1051,Mortimer Y Sutherland Middle,6,8,7,0,0,7,9,9,3,0,0,72,68,7,5,195,0,195,2013-2014
2,Albemarle County,1051,Mortimer Y Sutherland Middle,7,4,6,0,0,6,8,9,10,0,0,83,57,3,6,192,1,193,2013-2014
2,Albemarle County,1051,Mortimer Y Sutherland Middle,8,8,4,0,0,9,3,10,2,0,0,71,78,5,7,197,0,197,2013-2014
2,Albemarle County,890,Murray High,9,0,1,0,1,0,0,0,0,0,0,20,9,2,1,34,0,34,2013-2014
2,Albemarle County,890,Murray High,10,1,1,1,0,0,0,0,2,0,0,19,10,0,0,34,0,34,2013-2014
2,Albemarle County,890,Murray High,11,0,0,0,0,1,0,0,0,0,0,10,7,0,0,18,0,18,2013-2014
2,Albemarle County,890,Murray High,12,1,0,0,0,0,0,1,0,0,0,10,9,1,1,23,0,23,2013-2014
2,Albemarle County,150,Paul H Cale Elementary,1,20,20,0,1,2,0,4,4,0,0,31,30,1,2,115,0,115,2013-2014
2,Albemarle County,150,Paul H Cale Elementary,2,13,16,1,0,0,3,3,4,0,0,24,16,2,1,83,0,83,2013-2014
2,Albemarle County,150,Paul H Cale Elementary,3,16,14,0,0,3,6,6,7,0,0,27,28,5,2,114,0,114,2013-2014
2,Albemarle County,150,Paul H Cale Elementary,4,17,17,0,0,1,4,2,4,0,0,20,23,1,6,95,0,95,2013-2014
2,Albemarle County,150,Paul H Cale Elementary,5,12,12,0,0,3,4,3,5,0,0,17,23,4,6,89,0,89,2013-2014
2,Albemarle County,150,Paul H Cale Elementary,KG,20,12,0,1,1,1,4,6,0,0,27,30,3,2,107,0,107,2013-2014
2,Albemarle County,150,Paul H Cale Elementary,PK,6,6,0,0,0,0,1,1,0,0,6,2,0,0,22,0,22,2013-2014
2,Albemarle County,540,Red Hill Elementary,1,1,2,0,0,0,0,1,0,0,0,6,7,0,2,19,0,19,2013-2014
2,Albemarle County,540,Red Hill Elementary,2,0,1,0,0,0,0,1,0,0,0,12,8,2,2,26,0,26,2013-2014
2,Albemarle County,540,Red Hill Elementary,3,1,0,0,0,0,0,2,1,0,0,7,9,0,0,20,0,20,2013-2014
2,Albemarle County,540,Red Hill Elementary,4,3,0,0,0,0,0,0,2,0,0,15,10,0,0,30,0,30,2013-2014
2,Albemarle County,540,Red Hill Elementary,5,0,0,0,0,0,0,1,1,0,0,4,8,0,2,16,0,16,2013-2014
2,Albemarle County,540,Red Hill Elementary,KG,1,3,0,0,1,0,0,1,0,0,10,12,3,0,31,0,31,2013-2014
2,Albemarle County,540,Red Hill Elementary,PK,1,0,0,0,0,0,1,1,0,0,6,6,0,1,16,0,16,2013-2014
2,Albemarle County,30,Scottsville Elementary,1,1,0,0,0,0,0,1,0,0,0,9,14,0,0,25,0,25,2013-2014
2,Albemarle County,30,Scottsville Elementary,2,1,1,0,0,0,1,0,0,0,0,11,10,0,2,26,0,26,2013-2014
2,Albemarle County,30,Scottsville Elementary,3,1,0,0,0,0,0,0,0,0,0,21,12,0,1,35,0,35,2013-2014
2,Albemarle County,30,Scottsville Elementary,4,0,0,0,0,0,0,0,0,0,0,16,5,0,0,21,0,21,2013-2014
2,Albemarle County,30,Scottsville Elementary,5,1,0,0,0,0,0,0,4,0,0,6,8,0,0,19,0,19,2013-2014
2,Albemarle County,30,Scottsville Elementary,KG,0,0,0,0,0,0,0,0,0,0,21,16,1,0,38,0,38,2013-2014
2,Albemarle County,30,Scottsville Elementary,PK,0,0,0,0,0,0,1,0,0,0,4,4,2,0,11,0,11,2013-2014
2,Albemarle County,920,Stone Robinson Elementary,1,5,2,1,0,1,2,2,2,0,0,41,23,1,4,84,0,84,2013-2014
2,Albemarle County,920,Stone Robinson Elementary,2,2,2,1,0,1,2,9,1,0,0,21,18,1,2,60,0,60,2013-2014
2,Albemarle County,920,Stone Robinson Elementary,3,1,0,1,0,0,0,6,7,0,0,32,25,2,1,75,0,75,2013-2014
2,Albemarle County,920,Stone Robinson Elementary,4,1,1,1,0,0,0,6,6,0,0,19,33,1,1,69,0,69,2013-2014
2,Albemarle County,920,Stone Robinson Elementary,5,3,2,0,0,2,1,4,4,0,0,25,24,1,3,69,0,69,2013-2014
2,Albemarle County,920,Stone Robinson Elementary,KG,1,4,0,1,1,0,5,2,0,0,20,18,3,0,55,0,55,2013-2014
2,Albemarle County,920,Stone Robinson Elementary,PK,0,2,0,0,1,0,3,0,0,0,18,7,1,0,32,0,32,2013-2014
2,Albemarle County,240,Stony Point Elementary,1,6,2,0,0,1,0,2,4,0,0,17,14,2,1,49,0,49,2013-2014
2,Albemarle County,240,Stony Point Elementary,2,5,1,0,0,0,1,1,3,0,0,16,15,0,0,42,0,42,2013-2014
2,Albemarle County,240,Stony Point Elementary,3,1,2,0,0,1,0,4,3,0,0,15,18,4,3,51,0,51,2013-2014
2,Albemarle County,240,Stony Point Elementary,4,1,2,0,0,0,1,3,0,0,0,15,9,0,1,32,0,32,2013-2014
2,Albemarle County,240,Stony Point Elementary,5,1,0,0,0,0,1,4,3,0,0,16,19,2,1,47,0,47,2013-2014
2,Albemarle County,240,Stony Point Elementary,KG,6,1,0,0,1,0,0,2,0,0,7,17,0,0,34,0,34,2013-2014
2,Albemarle County,240,Stony Point Elementary,PK,3,1,0,0,1,0,2,1,0,0,5,2,1,0,16,0,16,2013-2014
2,Albemarle County,910,Virginia L Murray Elementary,1,1,0,0,0,0,2,2,0,0,0,15,16,0,0,36,0,36,2013-2014
2,Albemarle County,910,Virginia L Murray Elementary,2,1,0,0,0,0,1,2,1,0,0,19,9,3,0,36,0,36,2013-2014
2,Albemarle County,910,Virginia L Murray Elementary,3,3,1,0,0,2,4,0,1,0,0,16,15,1,2,45,0,45,2013-2014
2,Albemarle County,910,Virginia L Murray Elementary,4,0,1,0,0,2,0,1,1,0,0,19,26,1,2,53,0,53,2013-2014
2,Albemarle County,910,Virginia L Murray Elementary,5,3,2,0,0,1,1,1,1,0,0,16,19,0,2,46,0,46,2013-2014
2,Albemarle County,910,Virginia L Murray Elementary,KG,3,0,0,0,2,1,2,1,0,0,18,9,3,2,41,0,41,2013-2014
2,Albemarle County,910,Virginia L Murray Elementary,PK,0,0,0,0,0,0,1,0,0,0,7,4,0,0,12,0,12,2013-2014
2,Albemarle County,140,Western Albemarle High,9,10,2,0,2,3,2,5,7,0,0,85,107,6,7,236,0,236,2013-2014
2,Albemarle County,140,Western Albemarle High,10,4,7,0,0,2,5,6,6,0,0,111,134,4,7,286,2,288,2013-2014
2,Albemarle County,140,Western Albemarle High,11,5,13,0,0,6,6,4,4,0,0,105,94,1,5,243,0,243,2013-2014
2,Albemarle County,140,Western Albemarle High,12,4,6,0,0,6,2,6,2,0,0,107,111,5,3,252,0,252,2013-2014
2,Albemarle County,930,Woodbrook Elementary,1,4,8,0,0,0,2,3,8,0,0,12,10,0,0,47,0,47,2013-2014
2,Albemarle County,930,Woodbrook Elementary,2,4,5,0,0,1,1,6,10,0,0,10,12,2,1,52,0,52,2013-2014
2,Albemarle County,930,Woodbrook Elementary,3,4,5,0,0,1,2,6,4,0,0,12,13,1,2,50,0,50,2013-2014
2,Albemarle County,930,Woodbrook Elementary,4,3,4,0,0,0,2,5,6,0,1,8,12,3,3,47,0,47,2013-2014
2,Albemarle County,930,Woodbrook Elementary,5,3,8,0,0,2,2,8,7,0,0,9,13,3,2,57,0,57,2013-2014
2,Albemarle County,930,Woodbrook Elementary,KG,4,7,0,0,2,3,19,5,0,0,15,18,4,2,79,0,79,2013-2014
2,Albemarle County,930,Woodbrook Elementary,PK,2,5,0,0,1,0,6,6,0,0,4,2,0,1,27,0,27,2013-2014
2,Albemarle County,160,Agnor-Hurt Elementary,1,11,10,0,0,2,2,10,12,0,0,22,16,3,4,92,0,92,2014-2015
2,Albemarle County,160,Agnor-Hurt Elementary,2,10,14,0,1,1,6,7,11,0,0,14,19,2,3,88,0,88,2014-2015
2,Albemarle County,160,Agnor-Hurt Elementary,3,6,13,0,0,3,1,6,7,0,0,17,17,4,2,76,0,76,2014-2015
2,Albemarle County,160,Agnor-Hurt Elementary,4,4,7,0,0,2,1,9,7,0,0,19,14,4,2,69,0,69,2014-2015
2,Albemarle County,160,Agnor-Hurt Elementary,5,8,12,1,0,3,2,12,9,0,0,10,15,4,4,80,0,80,2014-2015
2,Albemarle County,160,Agnor-Hurt Elementary,KG,8,8,0,0,0,4,12,5,0,0,24,10,5,3,79,0,79,2014-2015
2,Albemarle County,160,Agnor-Hurt Elementary,PK,2,6,0,0,0,0,0,4,0,0,3,3,0,0,18,0,18,2014-2015
2,Albemarle County,1060,Albemarle County Community Public Charter,6,2,0,0,0,0,0,0,0,0,0,8,5,1,0,16,0,16,2014-2015
2,Albemarle County,1060,Albemarle County Community Public Charter,7,1,3,0,0,0,0,2,0,0,0,7,4,2,1,20,0,20,2014-2015
2,Albemarle County,1060,Albemarle County Community Public Charter,8,0,1,0,0,0,0,1,0,0,0,2,4,0,0,8,0,8,2014-2015
2,Albemarle County,880,Albemarle High,9,28,30,0,3,21,22,44,30,0,0,178,172,15,16,559,0,559,2014-2015
2,Albemarle County,880,Albemarle High,10,33,22,2,2,19,22,47,33,0,0,134,169,14,11,508,0,508,2014-2015
2,Albemarle County,880,Albemarle High,11,19,21,0,0,11,16,26,37,0,1,168,111,10,8,428,1,429,2014-2015
2,Albemarle County,880,Albemarle High,12,12,21,0,0,15,15,28,36,0,0,163,161,17,11,479,1,480,2014-2015
2,Albemarle County,1053,Baker-Butler Elementary,1,5,4,0,0,2,3,4,3,0,0,35,32,4,7,99,0,99,2014-2015
2,Albemarle County,1053,Baker-Butler Elementary,2,8,7,0,0,2,1,7,7,0,0,28,34,3,5,102,0,102,2014-2015
2,Albemarle County,1053,Baker-Butler Elementary,3,8,5,1,0,2,4,5,5,0,0,35,24,2,3,94,0,94,2014-2015
2,Albemarle County,1053,Baker-Butler Elementary,4,6,3,0,0,3,4,2,4,0,0,40,29,3,2,96,0,96,2014-2015
2,Albemarle County,1053,Baker-Butler Elementary,5,2,7,0,1,3,5,5,4,0,0,41,36,5,6,115,0,115,2014-2015
2,Albemarle County,1053,Baker-Butler Elementary,KG,7,4,0,0,1,5,11,3,0,0,40,40,1,1,113,0,113,2014-2015
2,Albemarle County,1053,Baker-Butler Elementary,PK,0,0,0,0,0,0,0,0,0,0,4,0,0,4,8,0,8,2014-2015
2,Albemarle County,900,Benjamin F Yancey Elementary,1,3,2,0,0,0,0,6,0,0,0,1,5,0,3,20,0,20,2014-2015
2,Albemarle County,900,Benjamin F Yancey Elementary,2,1,0,0,0,0,0,2,1,0,0,6,6,1,2,19,0,19,2014-2015
2,Albemarle County,900,Benjamin F Yancey Elementary,3,1,2,0,0,0,0,3,2,0,0,5,9,1,2,25,0,25,2014-2015
2,Albemarle County,900,Benjamin F Yancey Elementary,4,0,1,0,0,0,0,0,4,0,0,6,2,0,2,15,0,15,2014-2015
2,Albemarle County,900,Benjamin F Yancey Elementary,5,2,4,0,0,0,0,4,2,0,0,10,4,0,1,27,0,27,2014-2015
2,Albemarle County,900,Benjamin F Yancey Elementary,KG,0,0,0,0,0,0,1,3,0,0,5,4,0,0,13,0,13,2014-2015
2,Albemarle County,900,Benjamin F Yancey Elementary,PK,1,1,0,0,0,0,2,4,0,0,2,6,1,2,19,0,19,2014-2015
2,Albemarle County,100,Broadus Wood Elementary,1,4,3,0,0,0,1,0,1,0,0,16,17,1,2,45,0,45,2014-2015
2,Albemarle County,100,Broadus Wood Elementary,2,1,2,0,0,0,1,0,0,0,0,24,33,1,0,62,0,62,2014-2015
2,Albemarle County,100,Broadus Wood Elementary,3,3,1,0,0,1,0,0,0,0,0,14,26,2,3,50,0,50,2014-2015
2,Albemarle County,100,Broadus Wood Elementary,4,1,1,0,3,0,1,0,0,0,0,21,27,5,1,60,0,60,2014-2015
2,Albemarle County,100,Broadus Wood Elementary,5,0,1,0,0,0,0,0,1,0,0,24,21,0,0,47,0,47,2014-2015
2,Albemarle County,100,Broadus Wood Elementary,KG,0,2,0,0,1,0,0,0,0,0,27,13,1,2,46,0,46,2014-2015
2,Albemarle County,100,Broadus Wood Elementary,PK,0,0,0,0,0,0,0,0,0,0,0,0,0,0,0,0,0,2014-2015
2,Albemarle County,941,Brownsville Elementary,1,7,4,0,0,1,2,1,1,0,0,38,43,2,3,102,0,102,2014-2015
2,Albemarle County,941,Brownsville Elementary,2,1,0,0,0,1,5,2,2,0,0,52,60,2,3,128,0,128,2014-2015
2,Albemarle County,941,Brownsville Elementary,3,2,4,0,0,0,2,0,1,0,0,48,42,2,3,104,0,104,2014-2015
2,Albemarle County,941,Brownsville Elementary,4,3,5,0,0,0,0,2,2,0,0,70,47,1,5,135,0,135,2014-2015
2,Albemarle County,941,Brownsville Elementary,5,3,4,0,0,1,2,3,1,0,0,62,45,3,2,126,0,126,2014-2015
2,Albemarle County,941,Brownsville Elementary,KG,3,0,0,0,0,1,1,0,0,0,50,47,2,4,108,0,108,2014-2015
2,Albemarle County,941,Brownsville Elementary,PK,2,1,0,0,0,0,0,2,0,0,9,8,1,2,25,0,25,2014-2015
2,Albemarle County,340,Crozet Elementary,1,2,4,0,0,2,0,2,2,0,0,27,25,1,2,67,0,67,2014-2015
2,Albemarle County,340,Crozet Elementary,2,1,1,0,1,1,1,0,0,0,0,26,21,1,1,54,0,54,2014-2015
2,Albemarle County,340,Crozet Elementary,3,2,1,0,0,0,0,0,0,0,0,25,15,1,0,44,0,44,2014-2015
2,Albemarle County,340,Crozet Elementary,4,1,0,0,0,0,0,2,2,0,0,22,22,3,2,54,0,54,2014-2015
2,Albemarle County,340,Crozet Elementary,5,1,0,0,0,0,0,0,3,0,0,16,29,1,1,51,0,51,2014-2015
2,Albemarle County,340,Crozet Elementary,KG,0,0,0,0,0,1,1,0,0,0,33,22,4,0,61,0,61,2014-2015
2,Albemarle County,340,Crozet Elementary,PK,0,0,0,0,0,0,0,0,0,0,0,0,0,0,0,0,0,2014-2015
2,Albemarle County,10,Hollymead Elementary,1,3,8,0,0,3,8,2,1,0,0,25,27,7,3,87,0,87,2014-2015
2,Albemarle County,10,Hollymead Elementary,2,2,2,2,0,5,8,3,2,0,0,31,28,1,2,86,0,86,2014-2015
2,Albemarle County,10,Hollymead Elementary,3,1,2,0,0,4,4,0,2,0,0,30,31,1,2,77,0,77,2014-2015
2,Albemarle County,10,Hollymead Elementary,4,1,3,0,0,6,5,2,1,0,0,24,29,3,4,78,0,78,2014-2015
2,Albemarle County,10,Hollymead Elementary,5,1,1,0,0,6,5,1,3,0,0,32,29,3,1,82,0,82,2014-2015
2,Albemarle County,10,Hollymead Elementary,KG,4,0,0,0,3,0,2,3,0,0,27,29,4,3,75,0,75,2014-2015
2,Albemarle County,10,Hollymead Elementary,PK,4,0,0,0,1,0,4,4,0,0,6,6,1,2,28,0,28,2014-2015
2,Albemarle County,950,Jack Jouett Middle,6,16,21,0,0,8,5,17,17,0,0,58,52,4,8,206,0,206,2014-2015
2,Albemarle County,950,Jack Jouett Middle,7,14,19,0,1,5,11,24,14,0,0,49,48,5,3,193,0,193,2014-2015
2,Albemarle County,950,Jack Jouett Middle,8,12,14,0,0,7,10,26,23,0,0,53,44,4,6,199,0,199,2014-2015
2,Albemarle County,69,Jackson P Burley Middle,6,22,16,0,0,5,6,12,16,0,0,49,54,9,8,197,0,197,2014-2015
2,Albemarle County,69,Jackson P Burley Middle,7,15,10,0,0,2,4,18,16,0,0,53,41,5,8,172,1,173,2014-2015
2,Albemarle County,69,Jackson P Burley Middle,8,16,15,0,1,3,4,9,14,0,0,56,64,5,2,189,1,190,2014-2015
2,Albemarle County,942,Joseph T Henley Middle,6,9,4,0,0,3,8,5,2,0,0,107,121,2,4,265,0,265,2014-2015
2,Albemarle County,942,Joseph T Henley Middle,7,4,6,0,0,3,2,2,4,0,0,128,128,7,6,290,0,290,2014-2015
2,Albemarle County,942,Joseph T Henley Middle,8,7,4,0,0,2,4,2,2,1,0,116,125,4,6,273,1,274,2014-2015
2,Albemarle County,20,Leslie H Walton Middle,6,2,1,0,0,1,3,5,8,0,0,33,36,2,6,97,0,97,2014-2015
2,Albemarle County,20,Leslie H Walton Middle,7,1,1,0,0,1,3,8,6,0,0,58,47,2,1,128,1,129,2014-2015
2,Albemarle County,20,Leslie H Walton Middle,8,4,8,0,0,1,0,9,9,0,0,53,41,4,1,130,0,130,2014-2015
2,Albemarle County,40,Mary Carr Greer Elementary,1,15,12,0,0,10,2,14,19,0,0,13,14,6,6,111,0,111,2014-2015
2,Albemarle County,40,Mary Carr Greer Elementary,2,7,6,0,0,12,6,19,17,0,0,11,11,1,5,95,0,95,2014-2015
2,Albemarle County,40,Mary Carr Greer Elementary,3,9,8,0,0,5,3,14,11,0,0,11,8,6,2,77,0,77,2014-2015
2,Albemarle County,40,Mary Carr Greer Elementary,4,8,4,0,0,5,4,14,11,0,0,7,6,2,1,62,0,62,2014-2015
2,Albemarle County,40,Mary Carr Greer Elementary,5,8,6,0,0,4,3,16,12,0,0,12,11,3,3,78,0,78,2014-2015
2,Albemarle County,40,Mary Carr Greer Elementary,KG,16,19,1,0,8,10,17,17,0,0,18,17,5,2,130,0,130,2014-2015
2,Albemarle County,40,Mary Carr Greer Elementary,PK,7,10,0,0,1,1,9,11,1,0,5,5,2,2,54,0,54,2014-2015
2,Albemarle County,250,Meriwether Lewis Elementary,1,0,0,0,0,0,2,0,0,0,1,40,25,0,0,68,0,68,2014-2015
2,Albemarle County,250,Meriwether Lewis Elementary,2,0,1,0,0,1,0,1,0,0,0,29,37,2,1,72,0,72,2014-2015
2,Albemarle County,250,Meriwether Lewis Elementary,3,1,0,0,0,1,1,0,0,0,0,41,32,0,1,77,0,77,2014-2015
2,Albemarle County,250,Meriwether Lewis Elementary,4,3,0,0,0,1,3,0,0,0,0,43,24,0,1,75,0,75,2014-2015
2,Albemarle County,250,Meriwether Lewis Elementary,5,0,0,1,0,0,2,0,1,0,0,35,21,0,0,60,0,60,2014-2015
2,Albemarle County,250,Meriwether Lewis Elementary,KG,1,0,0,0,2,0,1,0,0,0,37,34,0,0,75,0,75,2014-2015
2,Albemarle County,250,Meriwether Lewis Elementary,PK,0,0,0,0,0,0,0,0,0,0,0,0,0,0,0,0,0,2014-2015
2,Albemarle County,1052,Monticello High,9,22,30,1,1,6,3,25,17,0,0,85,95,9,10,304,0,304,2014-2015
2,Albemarle County,1052,Monticello High,10,13,7,0,0,6,2,17,24,0,0,102,94,9,9,283,0,283,2014-2015
2,Albemarle County,1052,Monticello High,11,15,11,0,0,1,6,22,18,1,0,87,101,10,4,276,0,276,2014-2015
2,Albemarle County,1052,Monticello High,12,13,10,0,0,3,1,18,11,0,0,103,65,7,6,237,1,238,2014-2015
2,Albemarle County,1052,Monticello High,PG,0,0,0,0,0,0,1,0,0,0,0,0,0,0,1,0,1,2014-2015
2,Albemarle County,1051,Mortimer Y Sutherland Middle,6,9,6,0,0,9,12,7,11,1,0,64,63,8,3,193,1,194,2014-2015
2,Albemarle County,1051,Mortimer Y Sutherland Middle,7,9,7,0,0,9,9,6,2,0,0,68,70,10,6,196,0,196,2014-2015
2,Albemarle County,1051,Mortimer Y Sutherland Middle,8,5,5,0,0,8,9,10,8,0,0,82,59,3,6,195,0,195,2014-2015
2,Albemarle County,890,Murray High,9,1,3,1,0,0,0,0,1,0,0,9,13,0,1,29,0,29,2014-2015
2,Albemarle County,890,Murray High,10,0,0,0,1,0,0,0,0,0,0,15,7,2,1,26,0,26,2014-2015
2,Albemarle County,890,Murray High,11,0,1,1,0,0,0,1,1,0,0,9,11,0,0,24,0,24,2014-2015
2,Albemarle County,890,Murray High,12,0,0,0,0,1,0,0,1,0,0,12,11,0,1,26,0,26,2014-2015
2,Albemarle County,150,Paul H Cale Elementary,1,17,12,0,0,1,2,6,4,0,0,26,30,4,5,107,0,107,2014-2015
2,Albemarle County,150,Paul H Cale Elementary,2,22,20,0,0,1,0,7,6,0,0,32,26,3,2,119,0,119,2014-2015
2,Albemarle County,150,Paul H Cale Elementary,3,13,16,0,0,0,1,4,3,0,0,25,19,2,1,84,0,84,2014-2015
2,Albemarle County,150,Paul H Cale Elementary,4,15,15,0,0,3,6,5,6,0,0,27,25,5,3,110,0,110,2014-2015
2,Albemarle County,150,Paul H Cale Elementary,5,18,16,0,0,1,4,2,2,0,0,20,20,2,4,89,0,89,2014-2015
2,Albemarle County,150,Paul H Cale Elementary,KG,19,25,0,0,3,3,5,4,0,0,41,28,4,4,136,0,136,2014-2015
2,Albemarle County,150,Paul H Cale Elementary,PK,9,8,0,0,0,0,0,0,0,0,3,2,0,0,22,0,22,2014-2015
2,Albemarle County,540,Red Hill Elementary,1,0,2,0,0,0,0,0,1,0,0,8,11,2,0,24,0,24,2014-2015
2,Albemarle County,540,Red Hill Elementary,2,1,3,0,0,0,0,1,0,0,0,7,8,1,2,23,0,23,2014-2015
2,Albemarle County,540,Red Hill Elementary,3,0,2,1,0,0,0,1,0,0,0,12,8,1,2,27,0,27,2014-2015
2,Albemarle County,540,Red Hill Elementary,4,1,0,0,0,0,0,2,1,0,0,8,9,0,0,21,0,21,2014-2015
2,Albemarle County,540,Red Hill Elementary,5,3,1,0,0,0,0,0,3,0,0,13,10,0,0,30,0,30,2014-2015
2,Albemarle County,540,Red Hill Elementary,KG,2,0,0,0,0,0,1,1,0,0,14,9,0,2,29,0,29,2014-2015
2,Albemarle County,540,Red Hill Elementary,PK,0,0,0,0,0,0,1,0,0,0,7,7,0,0,15,0,15,2014-2015
2,Albemarle County,30,Scottsville Elementary,1,0,0,0,0,0,0,0,0,0,0,19,17,1,1,38,0,38,2014-2015
2,Albemarle County,30,Scottsville Elementary,2,0,1,0,0,0,0,1,0,0,0,12,14,0,1,29,0,29,2014-2015
2,Albemarle County,30,Scottsville Elementary,3,1,1,0,0,0,1,0,0,0,0,9,11,0,2,25,0,25,2014-2015
2,Albemarle County,30,Scottsville Elementary,4,1,0,0,0,0,0,0,0,0,0,19,13,1,1,35,0,35,2014-2015
2,Albemarle County,30,Scottsville Elementary,5,1,0,0,0,0,0,0,0,0,0,15,5,0,1,22,0,22,2014-2015
2,Albemarle County,30,Scottsville Elementary,KG,0,0,0,0,0,0,0,0,0,0,13,9,2,1,25,0,25,2014-2015
2,Albemarle County,30,Scottsville Elementary,PK,0,1,0,0,0,0,0,1,0,0,7,8,0,0,17,0,17,2014-2015
2,Albemarle County,920,Stone Robinson Elementary,1,1,3,0,0,1,1,3,2,0,0,25,18,3,1,58,0,58,2014-2015
2,Albemarle County,920,Stone Robinson Elementary,2,5,2,0,0,1,3,2,2,1,0,36,21,1,3,77,0,77,2014-2015
2,Albemarle County,920,Stone Robinson Elementary,3,1,3,0,0,0,2,9,1,0,0,21,21,1,1,60,0,60,2014-2015
2,Albemarle County,920,Stone Robinson Elementary,4,2,1,0,0,0,1,6,7,0,0,28,30,1,1,77,0,77,2014-2015
2,Albemarle County,920,Stone Robinson Elementary,5,2,1,0,0,0,0,6,7,0,0,24,30,1,1,72,0,72,2014-2015
2,Albemarle County,920,Stone Robinson Elementary,KG,0,4,0,0,1,2,3,2,0,1,28,23,2,3,69,0,69,2014-2015
2,Albemarle County,920,Stone Robinson Elementary,PK,4,0,0,0,1,0,2,0,0,0,9,12,1,1,30,0,30,2014-2015
2,Albemarle County,240,Stony Point Elementary,1,4,0,0,0,1,1,0,3,0,0,8,17,0,0,34,0,34,2014-2015
2,Albemarle County,240,Stony Point Elementary,2,2,2,0,0,1,1,2,2,0,0,18,16,2,1,47,0,47,2014-2015
2,Albemarle County,240,Stony Point Elementary,3,2,1,0,0,0,1,2,0,0,0,16,10,0,0,32,0,32,2014-2015
2,Albemarle County,240,Stony Point Elementary,4,2,0,0,0,1,0,3,3,0,0,14,21,4,3,51,0,51,2014-2015
2,Albemarle County,240,Stony Point Elementary,5,0,2,0,0,0,1,3,0,0,0,15,9,0,1,31,0,31,2014-2015
2,Albemarle County,240,Stony Point Elementary,KG,3,4,0,0,1,0,1,1,0,0,16,11,1,0,38,0,38,2014-2015
2,Albemarle County,240,Stony Point Elementary,PK,0,0,0,0,0,0,5,1,0,0,1,5,0,2,14,0,14,2014-2015
2,Albemarle County,910,Virginia L Murray Elementary,1,3,0,0,0,2,1,3,2,0,0,21,9,2,3,46,0,46,2014-2015
2,Albemarle County,910,Virginia L Murray Elementary,2,1,0,0,0,0,3,1,0,0,0,21,13,0,0,39,0,39,2014-2015
2,Albemarle County,910,Virginia L Murray Elementary,3,2,0,0,0,0,1,2,1,0,0,22,9,3,0,40,0,40,2014-2015
2,Albemarle County,910,Virginia L Murray Elementary,4,3,1,0,0,2,4,0,1,0,0,15,18,1,2,47,0,47,2014-2015
2,Albemarle County,910,Virginia L Murray Elementary,5,0,1,0,0,2,0,2,1,0,0,18,23,1,0,48,0,48,2014-2015
2,Albemarle County,910,Virginia L Murray Elementary,KG,1,1,0,0,0,1,1,1,0,0,17,10,0,0,32,0,32,2014-2015
2,Albemarle County,910,Virginia L Murray Elementary,PK,0,0,0,0,0,0,0,0,0,0,8,4,0,0,12,0,12,2014-2015
2,Albemarle County,140,Western Albemarle High,9,3,2,0,0,2,3,5,8,0,0,111,134,5,5,278,1,279,2014-2015
2,Albemarle County,140,Western Albemarle High,10,9,3,0,2,3,3,6,7,0,0,85,105,6,6,235,0,235,2014-2015
2,Albemarle County,140,Western Albemarle High,11,2,6,0,0,2,5,3,7,0,0,112,132,3,9,281,0,281,2014-2015
2,Albemarle County,140,Western Albemarle High,12,5,14,0,0,6,6,6,3,0,0,106,94,3,5,248,0,248,2014-2015
2,Albemarle County,930,Woodbrook Elementary,1,2,8,0,0,1,2,12,3,0,0,16,16,3,2,65,0,65,2014-2015
2,Albemarle County,930,Woodbrook Elementary,2,1,7,0,0,0,3,3,6,0,0,12,9,0,0,41,0,41,2014-2015
2,Albemarle County,930,Woodbrook Elementary,3,5,3,1,0,1,0,5,5,0,0,11,13,1,0,45,0,45,2014-2015
2,Albemarle County,930,Woodbrook Elementary,4,3,4,0,0,1,2,4,5,0,0,13,17,1,1,51,0,51,2014-2015
2,Albemarle County,930,Woodbrook Elementary,5,3,3,0,0,0,2,3,4,0,1,8,14,3,3,44,0,44,2014-2015
2,Albemarle County,930,Woodbrook Elementary,KG,4,7,0,0,3,1,7,7,0,0,9,17,3,2,60,0,60,2014-2015
2,Albemarle County,930,Woodbrook Elementary,PK,4,2,0,0,0,0,7,5,0,0,2,1,0,1,22,0,22,2014-2015
2,Albemarle County,160,Agnor-Hurt Elementary,1,10,8,0,0,0,2,11,9,0,1,18,10,4,5,78,0,78,2015-2016
2,Albemarle County,160,Agnor-Hurt Elementary,2,10,10,0,0,2,1,10,12,0,0,24,16,2,4,91,0,91,2015-2016
2,Albemarle County,160,Agnor-Hurt Elementary,3,11,17,1,1,1,4,11,13,0,0,15,15,2,4,95,0,95,2015-2016
2,Albemarle County,160,Agnor-Hurt Elementary,4,7,12,0,0,3,1,10,6,0,0,17,15,3,3,77,0,77,2015-2016
2,Albemarle County,160,Agnor-Hurt Elementary,5,6,7,0,0,1,1,10,8,0,1,15,14,2,2,67,0,67,2015-2016
2,Albemarle County,160,Agnor-Hurt Elementary,KG,11,11,0,0,3,0,8,12,0,1,19,18,9,3,95,0,95,2015-2016
2,Albemarle County,160,Agnor-Hurt Elementary,PK,9,10,0,0,0,0,6,3,0,0,2,2,3,3,38,0,38,2015-2016
2,Albemarle County,1060,Albemarle County Community Public Charter,6,1,0,0,0,0,0,0,0,0,0,5,4,1,0,11,0,11,2015-2016
2,Albemarle County,1060,Albemarle County Community Public Charter,7,2,0,0,0,0,0,0,0,0,0,9,7,1,0,19,0,19,2015-2016
2,Albemarle County,1060,Albemarle County Community Public Charter,8,1,2,0,0,0,0,2,0,0,0,6,4,2,1,18,0,18,2015-2016
2,Albemarle County,880,Albemarle High,9,26,26,0,1,16,23,44,35,0,0,166,131,11,13,492,1,493,2015-2016
2,Albemarle County,880,Albemarle High,10,26,30,0,3,20,18,49,31,0,0,175,166,12,14,544,0,544,2015-2016
2,Albemarle County,880,Albemarle High,11,27,21,1,1,15,19,40,34,0,0,129,161,11,11,470,0,470,2015-2016
2,Albemarle County,880,Albemarle High,12,23,22,0,0,12,19,31,38,0,1,186,117,10,8,467,0,467,2015-2016
2,Albemarle County,1053,Baker-Butler Elementary,1,8,3,0,0,1,5,11,3,0,0,35,39,1,5,111,0,111,2015-2016
2,Albemarle County,1053,Baker-Butler Elementary,2,8,4,0,0,2,3,5,4,0,0,34,36,4,7,107,0,107,2015-2016
2,Albemarle County,1053,Baker-Butler Elementary,3,8,6,0,0,2,0,9,7,0,0,28,33,3,5,101,0,101,2015-2016
2,Albemarle County,1053,Baker-Butler Elementary,4,6,6,1,0,2,4,4,4,0,0,33,22,3,2,87,0,87,2015-2016
2,Albemarle County,1053,Baker-Butler Elementary,5,6,3,0,0,3,4,4,6,0,0,34,33,4,3,100,0,100,2015-2016
2,Albemarle County,1053,Baker-Butler Elementary,KG,1,6,0,0,3,1,1,0,0,0,35,27,4,6,84,0,84,2015-2016
2,Albemarle County,1053,Baker-Butler Elementary,PK,1,0,0,0,0,0,1,0,0,0,5,2,0,3,12,0,12,2015-2016
2,Albemarle County,900,Benjamin F Yancey Elementary,1,0,0,0,0,0,0,1,3,0,0,8,5,0,0,17,0,17,2015-2016
2,Albemarle County,900,Benjamin F Yancey Elementary,2,2,2,0,0,0,0,4,1,0,0,2,5,0,3,19,0,19,2015-2016
2,Albemarle County,900,Benjamin F Yancey Elementary,3,1,0,0,0,0,0,2,2,0,0,7,5,1,1,19,0,19,2015-2016
2,Albemarle County,900,Benjamin F Yancey Elementary,4,2,3,0,0,0,0,3,2,0,0,6,10,1,1,28,0,28,2015-2016
2,Albemarle County,900,Benjamin F Yancey Elementary,5,0,2,0,0,0,0,0,3,0,0,6,2,0,2,15,0,15,2015-2016
2,Albemarle County,900,Benjamin F Yancey Elementary,KG,0,1,0,0,0,0,2,2,0,0,6,9,1,0,21,0,21,2015-2016
2,Albemarle County,900,Benjamin F Yancey Elementary,PK,0,0,0,0,0,0,0,0,0,0,0,0,0,0,0,0,0,2015-2016
2,Albemarle County,100,Broadus Wood Elementary,1,0,1,0,0,0,0,0,0,0,0,28,13,1,2,45,0,45,2015-2016
2,Albemarle County,100,Broadus Wood Elementary,2,3,1,0,0,0,1,0,1,0,0,16,18,1,1,42,0,42,2015-2016
2,Albemarle County,100,Broadus Wood Elementary,3,1,2,0,0,0,0,0,0,0,0,23,30,1,0,57,0,57,2015-2016
2,Albemarle County,100,Broadus Wood Elementary,4,2,1,0,0,1,0,0,0,0,0,12,22,2,3,43,0,43,2015-2016
2,Albemarle County,100,Broadus Wood Elementary,5,1,2,0,2,1,0,0,0,0,0,21,24,4,1,56,0,56,2015-2016
2,Albemarle County,100,Broadus Wood Elementary,KG,0,0,0,0,0,0,0,0,0,0,20,12,0,0,32,0,32,2015-2016
2,Albemarle County,941,Brownsville Elementary,1,3,0,0,0,0,1,0,0,0,0,62,54,3,3,126,0,126,2015-2016
2,Albemarle County,941,Brownsville Elementary,2,8,5,0,0,2,4,1,1,0,0,41,45,1,3,111,0,111,2015-2016
2,Albemarle County,941,Brownsville Elementary,3,1,1,0,0,1,7,1,3,0,0,53,65,2,3,137,0,137,2015-2016
2,Albemarle County,941,Brownsville Elementary,4,2,4,0,0,0,3,0,1,0,0,46,42,2,3,103,0,103,2015-2016
2,Albemarle County,941,Brownsville Elementary,5,4,5,0,0,0,0,2,2,0,0,71,45,1,4,134,0,134,2015-2016
2,Albemarle County,941,Brownsville Elementary,KG,1,1,0,0,2,2,2,1,0,0,45,38,3,1,96,0,96,2015-2016
2,Albemarle County,941,Brownsville Elementary,PK,3,1,0,0,0,1,3,0,0,0,9,7,1,1,26,0,26,2015-2016
2,Albemarle County,340,Crozet Elementary,1,1,0,0,0,0,1,2,1,0,0,30,20,3,0,58,0,58,2015-2016
2,Albemarle County,340,Crozet Elementary,2,2,4,0,0,2,0,1,1,0,0,29,26,3,2,70,0,70,2015-2016
2,Albemarle County,340,Crozet Elementary,3,1,1,0,1,1,1,0,0,0,0,24,21,2,2,54,0,54,2015-2016
2,Albemarle County,340,Crozet Elementary,4,2,1,0,0,0,0,0,0,0,0,26,16,2,0,47,0,47,2015-2016
2,Albemarle County,340,Crozet Elementary,5,1,0,0,0,0,0,2,2,0,0,20,21,3,2,51,0,51,2015-2016
2,Albemarle County,340,Crozet Elementary,KG,2,1,0,0,0,0,1,0,0,0,21,26,2,2,55,0,55,2015-2016
2,Albemarle County,340,Crozet Elementary,PK,0,0,0,0,0,0,0,0,0,0,1,0,0,0,1,0,1,2015-2016
2,Albemarle County,10,Hollymead Elementary,1,4,0,0,0,2,3,2,2,0,0,26,27,4,3,73,0,73,2015-2016
2,Albemarle County,10,Hollymead Elementary,2,3,7,1,0,4,7,2,0,0,0,21,26,8,3,82,0,82,2015-2016
2,Albemarle County,10,Hollymead Elementary,3,3,4,2,0,5,7,3,2,0,0,31,23,1,3,84,0,84,2015-2016
2,Albemarle County,10,Hollymead Elementary,4,2,0,0,0,2,4,0,4,0,0,33,33,1,2,81,0,81,2015-2016
2,Albemarle County,10,Hollymead Elementary,5,2,3,0,0,7,7,2,0,0,0,18,27,3,6,75,0,75,2015-2016
2,Albemarle County,10,Hollymead Elementary,KG,0,1,0,0,6,3,0,2,0,0,26,18,3,0,59,0,59,2015-2016
2,Albemarle County,10,Hollymead Elementary,PK,2,4,0,0,1,0,2,2,0,0,5,8,2,2,28,0,28,2015-2016
2,Albemarle County,950,Jack Jouett Middle,6,22,17,0,0,5,8,20,18,0,1,48,45,7,5,196,0,196,2015-2016
2,Albemarle County,950,Jack Jouett Middle,7,17,23,0,0,5,6,19,13,0,0,58,47,5,6,199,0,199,2015-2016
2,Albemarle County,950,Jack Jouett Middle,8,17,22,0,0,7,11,25,17,0,0,53,47,4,4,207,0,207,2015-2016
2,Albemarle County,69,Jackson P Burley Middle,6,19,25,0,0,3,9,19,18,0,0,40,43,6,8,190,0,190,2015-2016
2,Albemarle County,69,Jackson P Burley Middle,7,23,17,0,0,4,6,15,18,0,0,41,54,7,9,194,1,195,2015-2016
2,Albemarle County,69,Jackson P Burley Middle,8,14,8,0,0,2,4,16,17,0,0,52,45,5,8,171,1,172,2015-2016
2,Albemarle County,942,Joseph T Henley Middle,6,4,6,1,0,1,5,4,5,0,0,128,114,5,2,275,0,275,2015-2016
2,Albemarle County,942,Joseph T Henley Middle,7,10,4,0,0,3,8,5,0,0,0,108,126,2,4,270,0,270,2015-2016
2,Albemarle County,942,Joseph T Henley Middle,8,6,4,0,0,2,2,1,3,0,0,121,127,7,5,278,0,278,2015-2016
2,Albemarle County,20,Leslie H Walton Middle,6,6,6,1,0,0,0,5,8,0,0,54,34,0,4,118,0,118,2015-2016
2,Albemarle County,20,Leslie H Walton Middle,7,2,1,0,0,1,3,5,10,0,0,28,33,2,6,91,0,91,2015-2016
2,Albemarle County,20,Leslie H Walton Middle,8,1,1,0,0,1,2,7,8,0,0,56,47,2,1,126,1,127,2015-2016
2,Albemarle County,40,Mary Carr Greer Elementary,1,15,23,0,0,3,7,21,18,0,0,13,10,4,3,117,0,117,2015-2016
2,Albemarle County,40,Mary Carr Greer Elementary,2,14,14,0,0,7,5,16,16,0,0,12,12,4,6,106,0,106,2015-2016
2,Albemarle County,40,Mary Carr Greer Elementary,3,5,6,0,0,6,7,19,11,0,0,9,9,1,3,76,0,76,2015-2016
2,Albemarle County,40,Mary Carr Greer Elementary,4,7,8,0,0,4,3,13,13,0,0,14,9,5,5,81,0,81,2015-2016
2,Albemarle County,40,Mary Carr Greer Elementary,5,11,5,0,0,5,0,15,11,0,0,3,4,2,2,58,0,58,2015-2016
2,Albemarle County,40,Mary Carr Greer Elementary,KG,17,12,0,0,9,9,13,17,0,0,20,13,3,2,115,0,115,2015-2016
2,Albemarle County,40,Mary Carr Greer Elementary,PK,9,7,0,0,2,3,11,12,0,0,4,2,3,3,56,0,56,2015-2016
2,Albemarle County,250,Meriwether Lewis Elementary,1,1,0,0,0,2,0,0,0,0,0,39,30,0,0,72,0,72,2015-2016
2,Albemarle County,250,Meriwether Lewis Elementary,2,0,0,0,0,0,2,1,0,0,1,40,27,0,0,71,0,71,2015-2016
2,Albemarle County,250,Meriwether Lewis Elementary,3,0,1,0,0,2,0,1,0,0,0,30,39,2,1,76,0,76,2015-2016
2,Albemarle County,250,Meriwether Lewis Elementary,4,1,0,0,0,2,1,0,0,0,0,43,31,0,1,79,0,79,2015-2016
2,Albemarle County,250,Meriwether Lewis Elementary,5,2,0,0,0,1,3,0,0,0,0,37,27,0,1,71,0,71,2015-2016
2,Albemarle County,250,Meriwether Lewis Elementary,KG,1,5,0,0,0,1,0,0,0,0,33,26,0,0,66,0,66,2015-2016
2,Albemarle County,250,Meriwether Lewis Elementary,PK,0,0,0,0,0,0,0,0,0,0,0,0,0,0,0,0,0,2015-2016
2,Albemarle County,1052,Monticello High,9,23,25,2,0,2,2,21,22,0,0,110,109,8,5,329,0,329,2015-2016
2,Albemarle County,1052,Monticello High,10,20,27,1,1,6,3,19,15,0,0,82,86,11,8,279,0,279,2015-2016
2,Albemarle County,1052,Monticello High,11,14,8,0,1,8,1,17,25,0,0,92,97,5,10,278,0,278,2015-2016
2,Albemarle County,1052,Monticello High,12,12,11,0,0,1,5,20,14,1,0,85,104,8,4,265,0,265,2015-2016
2,Albemarle County,1051,Mortimer Y Sutherland Middle,6,2,11,0,1,9,8,10,8,0,0,86,65,8,10,218,0,218,2015-2016
2,Albemarle County,1051,Mortimer Y Sutherland Middle,7,10,5,0,0,9,11,7,12,1,0,69,63,6,2,195,0,195,2015-2016
2,Albemarle County,1051,Mortimer Y Sutherland Middle,8,8,7,0,0,9,9,8,2,0,0,70,66,9,6,194,0,194,2015-2016
2,Albemarle County,890,Murray High,9,1,2,1,0,0,0,1,1,0,0,15,13,0,1,35,0,35,2015-2016
2,Albemarle County,890,Murray High,10,1,1,0,0,0,0,1,1,0,0,5,13,0,1,23,0,23,2015-2016
2,Albemarle County,890,Murray High,11,0,0,0,0,0,0,0,0,0,0,13,11,3,1,28,0,28,2015-2016
2,Albemarle County,890,Murray High,12,0,0,1,0,0,0,3,3,0,0,9,7,0,0,23,0,23,2015-2016
2,Albemarle County,150,Paul H Cale Elementary,1,20,27,0,0,3,2,7,5,0,0,37,28,5,3,137,0,137,2015-2016
2,Albemarle County,150,Paul H Cale Elementary,2,23,14,0,0,1,3,5,6,0,0,25,24,4,4,109,0,109,2015-2016
2,Albemarle County,150,Paul H Cale Elementary,3,22,18,0,0,0,0,6,4,0,0,31,25,3,3,112,0,112,2015-2016
2,Albemarle County,150,Paul H Cale Elementary,4,13,14,0,0,0,0,4,3,0,0,27,16,3,1,81,0,81,2015-2016
2,Albemarle County,150,Paul H Cale Elementary,5,16,17,0,0,3,6,5,6,0,0,28,25,5,3,114,0,114,2015-2016
2,Albemarle County,150,Paul H Cale Elementary,KG,24,21,0,0,3,4,3,1,0,0,22,27,3,2,110,0,110,2015-2016
2,Albemarle County,150,Paul H Cale Elementary,PK,13,9,0,0,1,0,4,3,0,0,3,4,3,0,40,0,40,2015-2016
2,Albemarle County,540,Red Hill Elementary,1,2,0,0,0,0,0,2,2,0,0,13,10,0,2,31,0,31,2015-2016
2,Albemarle County,540,Red Hill Elementary,2,0,1,0,0,0,0,0,1,0,0,8,10,2,0,22,0,22,2015-2016
2,Albemarle County,540,Red Hill Elementary,3,0,3,0,0,0,0,2,0,0,0,7,7,1,1,21,0,21,2015-2016
2,Albemarle County,540,Red Hill Elementary,4,1,2,1,0,0,0,3,0,0,0,13,8,1,1,30,0,30,2015-2016
2,Albemarle County,540,Red Hill Elementary,5,1,0,0,0,0,0,3,1,0,0,7,10,0,0,22,0,22,2015-2016
2,Albemarle County,540,Red Hill Elementary,KG,1,0,0,0,0,0,0,1,0,0,8,10,1,0,21,0,21,2015-2016
2,Albemarle County,540,Red Hill Elementary,PK,3,2,0,0,0,0,0,0,0,0,6,4,1,0,16,0,16,2015-2016
2,Albemarle County,30,Scottsville Elementary,1,0,1,0,0,0,0,0,0,0,0,13,10,2,2,28,0,28,2015-2016
2,Albemarle County,30,Scottsville Elementary,2,0,0,0,0,0,0,0,0,0,0,18,15,1,0,34,0,34,2015-2016
2,Albemarle County,30,Scottsville Elementary,3,0,1,0,0,0,0,1,0,0,0,11,13,0,0,26,0,26,2015-2016
2,Albemarle County,30,Scottsville Elementary,4,1,1,0,0,0,1,0,0,0,0,9,11,0,1,24,0,24,2015-2016
2,Albemarle County,30,Scottsville Elementary,5,0,0,0,0,0,0,0,0,0,0,18,16,1,2,37,0,37,2015-2016
2,Albemarle County,30,Scottsville Elementary,KG,0,1,0,0,0,0,0,0,0,0,16,14,0,1,32,0,32,2015-2016
2,Albemarle County,30,Scottsville Elementary,PK,3,4,0,0,0,0,0,3,0,0,2,4,1,2,19,0,19,2015-2016
2,Albemarle County,920,Stone Robinson Elementary,1,0,4,0,0,1,3,3,2,0,1,29,23,2,3,71,0,71,2015-2016
2,Albemarle County,920,Stone Robinson Elementary,2,1,3,0,0,1,1,3,1,0,0,25,19,4,1,59,0,59,2015-2016
2,Albemarle County,920,Stone Robinson Elementary,3,5,2,0,0,1,2,2,1,1,0,32,21,0,3,70,0,70,2015-2016
2,Albemarle County,920,Stone Robinson Elementary,4,1,3,0,0,0,2,7,3,0,0,19,21,2,1,59,0,59,2015-2016
2,Albemarle County,920,Stone Robinson Elementary,5,1,1,0,0,0,1,7,4,0,0,26,24,1,0,65,0,65,2015-2016
2,Albemarle County,920,Stone Robinson Elementary,KG,1,1,0,0,1,1,2,1,0,0,21,31,1,1,61,0,61,2015-2016
2,Albemarle County,920,Stone Robinson Elementary,PK,4,1,0,0,0,0,4,2,0,0,9,8,2,1,31,0,31,2015-2016
2,Albemarle County,240,Stony Point Elementary,1,3,3,0,0,0,0,0,1,0,0,17,15,1,0,40,0,40,2015-2016
2,Albemarle County,240,Stony Point Elementary,2,4,0,0,0,1,1,2,4,0,0,9,21,0,0,42,0,42,2015-2016
2,Albemarle County,240,Stony Point Elementary,3,2,2,0,0,1,1,2,2,0,0,18,17,1,1,47,0,47,2015-2016
2,Albemarle County,240,Stony Point Elementary,4,1,1,0,0,0,1,3,1,0,0,16,9,0,0,32,0,32,2015-2016
2,Albemarle County,240,Stony Point Elementary,5,2,0,0,0,1,0,4,4,0,0,17,20,3,3,54,0,54,2015-2016
2,Albemarle County,240,Stony Point Elementary,KG,1,3,0,0,0,0,4,2,0,0,13,8,1,2,34,0,34,2015-2016
2,Albemarle County,240,Stony Point Elementary,PK,3,4,0,0,0,0,3,3,0,0,1,0,0,0,14,0,14,2015-2016
2,Albemarle County,910,Virginia L Murray Elementary,1,1,1,0,0,0,1,1,1,0,0,17,12,0,0,34,0,34,2015-2016
2,Albemarle County,910,Virginia L Murray Elementary,2,3,0,0,0,0,0,3,2,0,0,20,9,3,4,44,0,44,2015-2016
2,Albemarle County,910,Virginia L Murray Elementary,3,1,0,0,0,0,3,1,0,0,0,25,15,1,0,46,0,46,2015-2016
2,Albemarle County,910,Virginia L Murray Elementary,4,2,0,0,0,0,1,1,1,0,0,21,7,3,0,36,0,36,2015-2016
2,Albemarle County,910,Virginia L Murray Elementary,5,3,1,0,0,2,4,0,1,0,0,15,15,1,2,44,0,44,2015-2016
2,Albemarle County,910,Virginia L Murray Elementary,KG,1,1,0,0,2,1,1,1,0,0,20,15,3,1,46,0,46,2015-2016
2,Albemarle County,910,Virginia L Murray Elementary,PK,0,0,0,0,2,0,0,0,0,0,3,2,0,0,7,0,7,2015-2016
2,Albemarle County,140,Western Albemarle High,9,8,5,0,0,3,4,2,1,1,0,124,117,4,5,274,1,275,2015-2016
2,Albemarle County,140,Western Albemarle High,10,2,2,0,0,1,3,4,5,0,0,107,134,6,6,270,0,270,2015-2016
2,Albemarle County,140,Western Albemarle High,11,10,5,0,2,3,3,4,7,0,0,87,110,6,6,243,0,243,2015-2016
2,Albemarle County,140,Western Albemarle High,12,2,6,0,0,3,5,3,7,0,0,112,136,4,8,286,0,286,2015-2016
2,Albemarle County,930,Woodbrook Elementary,1,5,7,0,0,2,2,8,10,0,0,6,16,2,1,59,0,59,2015-2016
2,Albemarle County,930,Woodbrook Elementary,2,3,6,0,0,0,1,14,4,0,0,18,16,3,1,66,0,66,2015-2016
2,Albemarle County,930,Woodbrook Elementary,3,3,8,0,0,0,3,3,5,0,0,12,9,1,0,44,0,44,2015-2016
2,Albemarle County,930,Woodbrook Elementary,4,5,5,1,0,0,1,9,6,0,0,13,12,1,0,53,0,53,2015-2016
2,Albemarle County,930,Woodbrook Elementary,5,4,3,0,0,1,2,4,6,0,0,11,19,2,1,53,0,53,2015-2016
2,Albemarle County,930,Woodbrook Elementary,KG,6,5,0,0,1,2,7,7,0,0,10,15,0,1,54,0,54,2015-2016
2,Albemarle County,930,Woodbrook Elementary,PK,3,3,0,0,0,0,6,5,0,0,4,3,3,1,28,0,28,2015-2016
2,Albemarle County,160,Agnor-Hurt Elementary,1,9,10,0,0,1,2,10,11,0,1,21,12,7,1,85,0,85,2016-2017
2,Albemarle County,160,Agnor-Hurt Elementary,2,12,9,0,0,2,2,9,7,0,1,15,9,4,3,73,0,73,2016-2017
2,Albemarle County,160,Agnor-Hurt Elementary,3,11,10,0,0,2,1,10,13,0,0,22,15,2,2,88,0,88,2016-2017
2,Albemarle County,160,Agnor-Hurt Elementary,4,10,17,1,0,1,4,8,13,0,0,13,15,2,6,90,0,90,2016-2017
2,Albemarle County,160,Agnor-Hurt Elementary,5,9,11,0,0,3,1,9,6,0,0,14,14,4,2,73,0,73,2016-2017
2,Albemarle County,160,Agnor-Hurt Elementary,KG,12,8,0,0,2,0,9,7,0,0,19,13,5,6,81,0,81,2016-2017
2,Albemarle County,160,Agnor-Hurt Elementary,PK,8,5,0,0,0,1,7,5,0,0,2,4,2,1,35,0,35,2016-2017
2,Albemarle County,1060,Albemarle County Community Public Charter,6,0,0,0,0,0,0,1,1,0,0,7,5,1,2,17,0,17,2016-2017
2,Albemarle County,1060,Albemarle County Community Public Charter,7,0,0,0,0,0,0,0,1,0,0,4,8,2,0,15,0,15,2016-2017
2,Albemarle County,1060,Albemarle County Community Public Charter,8,2,0,0,0,0,0,0,0,0,0,7,7,1,1,18,0,18,2016-2017
2,Albemarle County,880,Albemarle High,9,33,35,1,0,20,23,45,34,0,0,156,126,18,15,506,0,506,2016-2017
2,Albemarle County,880,Albemarle High,10,30,32,0,1,16,22,45,31,0,0,154,129,10,12,482,1,483,2016-2017
2,Albemarle County,880,Albemarle High,11,21,27,0,1,20,20,44,27,0,0,162,153,13,11,499,0,499,2016-2017
2,Albemarle County,880,Albemarle High,12,29,22,2,1,16,20,41,31,0,0,152,159,14,12,499,2,501,2016-2017
2,Albemarle County,1053,Baker-Butler Elementary,1,2,10,0,0,4,1,3,0,0,0,33,27,4,3,87,0,87,2016-2017
2,Albemarle County,1053,Baker-Butler Elementary,2,9,2,0,0,2,5,10,3,0,0,37,36,1,6,111,0,111,2016-2017
2,Albemarle County,1053,Baker-Butler Elementary,3,9,4,0,0,1,3,4,6,0,0,34,40,1,3,105,0,105,2016-2017
2,Albemarle County,1053,Baker-Butler Elementary,4,8,6,0,0,2,0,8,6,0,0,31,34,2,3,100,0,100,2016-2017
2,Albemarle County,1053,Baker-Butler Elementary,5,7,6,0,0,2,4,6,4,0,0,36,21,2,2,90,0,90,2016-2017
2,Albemarle County,1053,Baker-Butler Elementary,KG,5,6,0,1,0,1,3,2,0,0,33,33,4,3,91,0,91,2016-2017
2,Albemarle County,1053,Baker-Butler Elementary,PK,1,0,0,0,0,0,0,0,0,0,5,4,1,0,11,0,11,2016-2017
2,Albemarle County,900,Benjamin F Yancey Elementary,1,0,2,0,0,0,0,2,1,0,0,8,9,1,1,24,0,24,2016-2017
2,Albemarle County,900,Benjamin F Yancey Elementary,2,0,0,0,0,0,0,1,2,0,0,10,5,0,0,18,0,18,2016-2017
2,Albemarle County,900,Benjamin F Yancey Elementary,3,3,2,0,0,0,0,2,1,0,0,1,4,0,3,16,0,16,2016-2017
2,Albemarle County,900,Benjamin F Yancey Elementary,4,1,0,0,0,0,0,2,4,0,0,6,6,1,1,21,0,21,2016-2017
2,Albemarle County,900,Benjamin F Yancey Elementary,5,1,3,0,0,0,0,3,2,0,0,6,10,0,1,26,0,26,2016-2017
2,Albemarle County,900,Benjamin F Yancey Elementary,KG,3,3,0,0,0,0,0,3,0,0,1,4,0,1,15,0,15,2016-2017
2,Albemarle County,900,Benjamin F Yancey Elementary,PK,0,0,0,0,0,0,0,0,0,0,0,0,0,0,0,0,0,2016-2017
2,Albemarle County,100,Broadus Wood Elementary,1,1,0,0,0,1,0,1,0,0,0,22,12,0,1,38,0,38,2016-2017
2,Albemarle County,100,Broadus Wood Elementary,2,0,1,0,0,1,0,0,0,0,0,26,12,1,1,42,0,42,2016-2017
2,Albemarle County,100,Broadus Wood Elementary,3,3,2,0,0,0,1,0,1,0,0,18,15,0,1,41,0,41,2016-2017
2,Albemarle County,100,Broadus Wood Elementary,4,1,1,0,0,1,0,0,0,0,0,21,27,1,0,52,0,52,2016-2017
2,Albemarle County,100,Broadus Wood Elementary,5,2,1,0,0,1,0,0,0,0,0,13,21,1,1,40,0,40,2016-2017
2,Albemarle County,100,Broadus Wood Elementary,KG,1,0,0,0,0,0,0,1,0,0,13,18,1,0,34,0,34,2016-2017
2,Albemarle County,100,Broadus Wood Elementary,PK,3,2,0,0,3,5,11,9,0,0,1,5,0,1,40,0,40,2016-2017
2,Albemarle County,941,Brownsville Elementary,1,3,2,0,0,3,2,1,1,0,0,53,45,3,2,115,0,115,2016-2017
2,Albemarle County,941,Brownsville Elementary,2,3,0,0,0,1,4,0,0,0,0,64,58,5,3,138,0,138,2016-2017
2,Albemarle County,941,Brownsville Elementary,3,8,5,0,0,1,4,1,1,0,0,49,48,2,3,122,0,122,2016-2017
2,Albemarle County,941,Brownsville Elementary,4,1,2,0,0,2,6,1,3,0,0,53,65,2,2,137,0,137,2016-2017
2,Albemarle County,941,Brownsville Elementary,5,2,4,0,0,0,3,0,1,0,0,51,45,1,2,109,0,109,2016-2017
2,Albemarle County,941,Brownsville Elementary,KG,2,2,0,0,1,1,2,2,0,0,56,34,4,2,106,0,106,2016-2017
2,Albemarle County,941,Brownsville Elementary,PK,2,2,0,0,0,1,2,1,0,0,10,7,0,0,25,0,25,2016-2017
2,Albemarle County,340,Crozet Elementary,1,2,1,0,0,0,0,1,0,1,0,23,29,1,1,59,0,59,2016-2017
2,Albemarle County,340,Crozet Elementary,2,1,1,0,0,0,1,2,1,0,0,30,21,1,0,58,0,58,2016-2017
2,Albemarle County,340,Crozet Elementary,3,3,4,0,0,2,0,2,1,0,0,29,26,3,2,72,0,72,2016-2017
2,Albemarle County,340,Crozet Elementary,4,2,3,0,1,2,1,0,0,0,0,25,23,2,3,62,0,62,2016-2017
2,Albemarle County,340,Crozet Elementary,5,3,2,0,0,0,0,0,0,0,1,24,17,1,0,48,0,48,2016-2017
2,Albemarle County,340,Crozet Elementary,KG,3,1,0,0,0,0,0,0,0,0,26,26,1,1,58,0,58,2016-2017
2,Albemarle County,340,Crozet Elementary,PK,0,0,0,0,0,0,0,0,0,0,0,0,0,0,0,0,0,2016-2017
2,Albemarle County,10,Hollymead Elementary,1,0,2,0,0,5,4,0,1,0,0,24,20,3,0,59,0,59,2016-2017
2,Albemarle County,10,Hollymead Elementary,2,3,1,0,0,4,4,1,2,0,0,30,27,4,3,79,0,79,2016-2017
2,Albemarle County,10,Hollymead Elementary,3,2,6,1,0,6,9,2,0,0,0,23,24,7,2,82,0,82,2016-2017
2,Albemarle County,10,Hollymead Elementary,4,3,2,1,0,8,9,3,2,0,0,31,24,2,2,87,0,87,2016-2017
2,Albemarle County,10,Hollymead Elementary,5,2,1,0,0,4,8,0,4,0,0,32,33,0,2,86,0,86,2016-2017
2,Albemarle County,10,Hollymead Elementary,KG,3,3,0,1,2,6,1,1,0,0,20,15,5,4,61,0,61,2016-2017
2,Albemarle County,10,Hollymead Elementary,PK,5,2,0,0,1,1,4,2,0,0,5,4,2,2,28,0,28,2016-2017
2,Albemarle County,950,Jack Jouett Middle,6,16,17,0,2,8,4,22,14,0,0,32,49,12,2,178,0,178,2016-2017
2,Albemarle County,950,Jack Jouett Middle,7,22,19,0,0,3,5,21,15,0,0,46,45,9,6,191,0,191,2016-2017
2,Albemarle County,950,Jack Jouett Middle,8,20,21,0,0,7,3,23,16,0,0,51,48,6,6,201,0,201,2016-2017
2,Albemarle County,69,Jackson P Burley Middle,6,17,16,0,1,3,3,29,22,0,1,56,46,7,7,208,0,208,2016-2017
2,Albemarle County,69,Jackson P Burley Middle,7,21,25,0,0,4,9,20,16,0,1,39,43,5,6,189,0,189,2016-2017
2,Albemarle County,69,Jackson P Burley Middle,8,18,19,0,1,5,5,15,19,0,0,42,54,7,9,194,0,194,2016-2017
2,Albemarle County,942,Joseph T Henley Middle,6,9,7,0,0,2,8,5,4,0,0,142,113,3,9,302,0,302,2016-2017
2,Albemarle County,942,Joseph T Henley Middle,7,6,4,1,0,2,4,6,1,1,0,133,111,6,3,278,1,279,2016-2017
2,Albemarle County,942,Joseph T Henley Middle,8,10,5,0,0,4,10,5,0,0,0,109,129,2,4,278,0,278,2016-2017
2,Albemarle County,20,Leslie H Walton Middle,6,4,4,0,0,2,6,1,5,0,0,53,49,2,4,130,0,130,2016-2017
2,Albemarle County,20,Leslie H Walton Middle,7,7,5,1,0,1,0,3,8,0,0,47,33,2,5,112,0,112,2016-2017
2,Albemarle County,20,Leslie H Walton Middle,8,3,2,0,0,1,3,6,9,0,0,31,30,4,7,96,0,96,2016-2017
2,Albemarle County,40,Mary Carr Greer Elementary,1,14,13,0,0,4,3,19,16,0,0,15,14,1,4,103,0,103,2016-2017
2,Albemarle County,40,Mary Carr Greer Elementary,2,17,21,0,0,4,3,23,24,0,0,12,12,7,5,128,0,128,2016-2017
2,Albemarle County,40,Mary Carr Greer Elementary,3,12,15,0,0,4,3,15,15,0,1,15,12,1,7,100,0,100,2016-2017
2,Albemarle County,40,Mary Carr Greer Elementary,4,7,9,0,0,6,5,25,9,0,0,12,10,1,4,88,0,88,2016-2017
2,Albemarle County,40,Mary Carr Greer Elementary,5,7,9,0,0,4,2,13,14,0,0,11,8,4,4,76,0,76,2016-2017
2,Albemarle County,40,Mary Carr Greer Elementary,KG,15,16,0,0,9,4,17,18,0,1,20,17,7,4,128,0,128,2016-2017
2,Albemarle County,40,Mary Carr Greer Elementary,PK,9,10,0,0,0,5,9,6,0,0,1,3,1,2,46,0,46,2016-2017
2,Albemarle County,250,Meriwether Lewis Elementary,1,1,5,0,0,0,1,0,0,0,0,39,33,0,0,79,0,79,2016-2017
2,Albemarle County,250,Meriwether Lewis Elementary,2,2,0,0,0,2,0,0,0,0,0,37,35,1,0,77,0,77,2016-2017
2,Albemarle County,250,Meriwether Lewis Elementary,3,0,0,0,0,0,1,1,0,0,1,37,30,1,0,71,0,71,2016-2017
2,Albemarle County,250,Meriwether Lewis Elementary,4,2,2,0,0,2,2,0,0,0,0,30,42,2,1,83,0,83,2016-2017
2,Albemarle County,250,Meriwether Lewis Elementary,5,1,0,0,0,2,1,0,0,0,0,41,28,0,1,74,0,74,2016-2017
2,Albemarle County,250,Meriwether Lewis Elementary,KG,1,2,0,0,0,1,0,0,0,0,29,29,1,2,65,0,65,2016-2017
2,Albemarle County,250,Meriwether Lewis Elementary,PK,0,0,0,0,0,0,0,0,0,0,0,0,0,0,0,0,0,2016-2017
2,Albemarle County,1052,Monticello High,9,21,13,0,0,2,6,16,16,0,0,106,98,7,9,294,0,294,2016-2017
2,Albemarle County,1052,Monticello High,10,23,23,0,0,3,2,23,22,0,0,104,103,10,5,318,0,318,2016-2017
2,Albemarle County,1052,Monticello High,11,20,25,1,1,4,2,18,11,0,0,75,80,10,10,257,1,258,2016-2017
2,Albemarle County,1052,Monticello High,12,13,10,0,1,8,1,16,26,0,0,86,95,6,10,272,5,277,2016-2017
2,Albemarle County,1051,Mortimer Y Sutherland Middle,6,8,4,0,0,10,13,7,8,0,0,59,61,5,8,183,0,183,2016-2017
2,Albemarle County,1051,Mortimer Y Sutherland Middle,7,1,9,0,1,9,8,8,10,0,0,84,64,8,6,208,0,208,2016-2017
2,Albemarle County,1051,Mortimer Y Sutherland Middle,8,11,5,0,0,10,13,5,9,0,0,63,61,4,2,183,0,183,2016-2017
2,Albemarle County,890,Murray High,9,0,2,0,0,0,0,2,0,0,0,10,8,1,2,25,1,26,2016-2017
2,Albemarle County,890,Murray High,10,2,1,1,0,0,0,1,1,0,0,11,18,0,2,37,1,38,2016-2017
2,Albemarle County,890,Murray High,11,1,1,0,0,1,0,0,1,0,0,7,9,1,0,21,0,21,2016-2017
2,Albemarle County,890,Murray High,12,0,0,0,0,0,0,0,0,0,0,12,8,1,1,22,4,26,2016-2017
2,Albemarle County,150,Paul H Cale Elementary,1,22,22,0,0,4,2,3,1,0,0,17,28,2,3,104,0,104,2016-2017
2,Albemarle County,150,Paul H Cale Elementary,2,18,28,0,0,2,2,5,2,0,0,36,31,5,3,132,0,132,2016-2017
2,Albemarle County,150,Paul H Cale Elementary,3,18,13,0,0,1,3,3,5,0,0,25,25,2,5,100,0,100,2016-2017
2,Albemarle County,150,Paul H Cale Elementary,4,22,20,0,0,0,0,5,3,0,0,29,25,1,6,111,0,111,2016-2017
2,Albemarle County,150,Paul H Cale Elementary,5,13,13,0,0,0,0,3,4,0,0,23,16,3,0,75,0,75,2016-2017
2,Albemarle County,150,Paul H Cale Elementary,KG,22,14,0,0,4,1,5,2,0,0,25,21,9,1,104,0,104,2016-2017
2,Albemarle County,150,Paul H Cale Elementary,PK,14,11,0,0,0,0,4,2,0,0,4,1,3,1,40,0,40,2016-2017
2,Albemarle County,540,Red Hill Elementary,1,1,0,0,0,0,0,0,2,0,0,9,11,1,0,24,0,24,2016-2017
2,Albemarle County,540,Red Hill Elementary,2,2,0,0,0,0,0,1,0,0,0,10,8,0,2,23,0,23,2016-2017
2,Albemarle County,540,Red Hill Elementary,3,0,0,0,0,0,0,0,1,0,0,8,8,1,0,18,0,18,2016-2017
2,Albemarle County,540,Red Hill Elementary,4,0,2,0,0,0,0,2,0,0,0,6,9,1,0,20,0,20,2016-2017
2,Albemarle County,540,Red Hill Elementary,5,0,2,0,0,0,0,2,0,0,0,11,7,0,2,24,0,24,2016-2017
2,Albemarle County,540,Red Hill Elementary,KG,4,3,1,0,0,0,0,0,0,0,9,5,2,0,24,0,24,2016-2017
2,Albemarle County,540,Red Hill Elementary,PK,3,0,0,0,0,0,1,1,0,0,4,3,1,1,14,0,14,2016-2017
2,Albemarle County,30,Scottsville Elementary,1,1,1,0,0,0,0,0,0,0,0,14,16,0,1,33,0,33,2016-2017
2,Albemarle County,30,Scottsville Elementary,2,0,1,0,0,0,0,0,0,0,0,11,12,2,2,28,0,28,2016-2017
2,Albemarle County,30,Scottsville Elementary,3,0,0,0,0,0,0,1,0,0,0,18,15,1,0,35,0,35,2016-2017
2,Albemarle County,30,Scottsville Elementary,4,0,1,0,0,0,0,1,0,0,0,11,16,0,0,29,0,29,2016-2017
2,Albemarle County,30,Scottsville Elementary,5,2,1,0,0,0,1,1,0,0,0,9,12,0,1,27,0,27,2016-2017
2,Albemarle County,30,Scottsville Elementary,KG,0,3,0,0,0,0,1,0,0,0,8,16,2,1,31,0,31,2016-2017
2,Albemarle County,30,Scottsville Elementary,PK,1,0,0,0,0,0,1,0,0,0,6,8,1,1,18,0,18,2016-2017
2,Albemarle County,920,Stone Robinson Elementary,1,2,0,0,0,1,1,2,1,0,0,20,23,2,0,52,0,52,2016-2017
2,Albemarle County,920,Stone Robinson Elementary,2,0,5,0,0,1,3,3,3,0,1,27,24,3,2,72,0,72,2016-2017
2,Albemarle County,920,Stone Robinson Elementary,3,0,3,0,0,2,0,6,1,0,0,23,17,5,1,58,0,58,2016-2017
2,Albemarle County,920,Stone Robinson Elementary,4,3,2,0,0,0,2,3,5,1,0,33,20,1,3,73,0,73,2016-2017
2,Albemarle County,920,Stone Robinson Elementary,5,1,4,0,0,0,2,7,3,0,0,19,19,2,2,59,0,59,2016-2017
2,Albemarle County,920,Stone Robinson Elementary,KG,8,0,0,0,2,1,3,4,0,0,24,35,1,1,79,0,79,2016-2017
2,Albemarle County,920,Stone Robinson Elementary,PK,4,1,0,0,2,2,8,2,0,0,8,7,1,0,35,0,35,2016-2017
2,Albemarle County,240,Stony Point Elementary,1,2,2,0,0,0,0,2,3,0,0,16,9,2,1,37,0,37,2016-2017
2,Albemarle County,240,Stony Point Elementary,2,3,3,0,0,0,0,1,3,0,0,16,17,2,0,45,0,45,2016-2017
2,Albemarle County,240,Stony Point Elementary,3,2,1,0,0,1,1,4,4,0,0,8,23,0,0,44,0,44,2016-2017
2,Albemarle County,240,Stony Point Elementary,4,2,2,0,0,1,1,1,2,0,0,17,16,0,1,43,0,43,2016-2017
2,Albemarle County,240,Stony Point Elementary,5,1,0,0,0,0,1,4,1,0,0,14,9,0,0,30,0,30,2016-2017
2,Albemarle County,240,Stony Point Elementary,KG,3,7,0,0,0,0,2,4,0,0,13,8,0,0,37,0,37,2016-2017
2,Albemarle County,240,Stony Point Elementary,PK,0,0,0,0,0,0,0,0,0,0,0,0,0,0,0,0,0,2016-2017
2,Albemarle County,910,Virginia L Murray Elementary,1,1,1,0,0,2,1,1,0,0,0,16,16,3,1,42,0,42,2016-2017
2,Albemarle County,910,Virginia L Murray Elementary,2,1,1,0,0,0,3,0,0,0,0,16,11,0,1,33,0,33,2016-2017
2,Albemarle County,910,Virginia L Murray Elementary,3,4,0,0,1,0,2,2,2,0,0,20,10,3,4,48,0,48,2016-2017
2,Albemarle County,910,Virginia L Murray Elementary,4,1,0,0,0,1,2,0,0,0,0,26,17,2,0,49,0,49,2016-2017
2,Albemarle County,910,Virginia L Murray Elementary,5,1,0,0,0,2,1,0,1,0,0,19,6,3,0,33,0,33,2016-2017
2,Albemarle County,910,Virginia L Murray Elementary,KG,3,0,0,0,3,0,2,0,0,0,13,10,2,3,36,0,36,2016-2017
2,Albemarle County,910,Virginia L Murray Elementary,PK,1,1,0,0,0,0,0,0,0,0,3,0,0,0,5,0,5,2016-2017
2,Albemarle County,140,Western Albemarle High,9,6,4,0,0,2,4,1,3,0,0,128,129,7,3,287,0,287,2016-2017
2,Albemarle County,140,Western Albemarle High,10,10,4,0,0,4,4,2,2,2,0,118,118,4,5,273,1,274,2016-2017
2,Albemarle County,140,Western Albemarle High,11,3,2,0,0,0,3,5,4,0,0,114,135,5,4,275,4,279,2016-2017
2,Albemarle County,140,Western Albemarle High,12,9,3,0,2,3,2,4,7,0,1,89,110,7,5,242,7,249,2016-2017
2,Albemarle County,930,Woodbrook Elementary,1,3,4,0,0,2,3,7,8,0,0,12,11,1,1,52,0,52,2016-2017
2,Albemarle County,930,Woodbrook Elementary,2,6,9,0,0,2,1,9,8,0,0,7,16,3,2,63,0,63,2016-2017
2,Albemarle County,930,Woodbrook Elementary,3,3,5,0,0,1,1,12,2,0,0,13,12,4,1,54,0,54,2016-2017
2,Albemarle County,930,Woodbrook Elementary,4,4,9,0,0,1,4,2,10,0,0,11,9,1,1,52,0,52,2016-2017
2,Albemarle County,930,Woodbrook Elementary,5,6,5,1,0,0,1,5,5,0,0,10,12,2,0,47,0,47,2016-2017
2,Albemarle County,930,Woodbrook Elementary,KG,5,4,0,0,1,2,5,8,0,0,8,8,5,2,48,0,48,2016-2017
2,Albemarle County,930,Woodbrook Elementary,PK,2,2,0,0,0,2,6,5,0,0,1,2,3,1,24,0,24,2016-2017
104,Charlottesville City,100,Buford Middle,7,12,10,0,0,8,5,47,51,0,1,55,47,7,4,247,0,247,2013-2014
104,Charlottesville City,100,Buford Middle,8,10,17,0,0,4,10,50,51,0,0,40,49,5,6,242,0,242,2013-2014
104,Charlottesville City,70,Burnley-Moran Elementary,1,2,0,0,0,0,2,13,10,0,0,30,17,6,5,85,0,85,2013-2014
104,Charlottesville City,70,Burnley-Moran Elementary,2,4,3,0,0,2,1,11,9,0,0,25,17,0,3,75,0,75,2013-2014
104,Charlottesville City,70,Burnley-Moran Elementary,3,4,3,1,0,2,0,8,8,0,0,15,18,1,6,66,0,66,2013-2014
104,Charlottesville City,70,Burnley-Moran Elementary,4,0,2,0,0,1,1,8,7,0,0,16,14,4,0,53,0,53,2013-2014
104,Charlottesville City,70,Burnley-Moran Elementary,KG,2,7,1,0,4,3,9,14,0,0,22,22,5,2,91,0,91,2013-2014
104,Charlottesville City,70,Burnley-Moran Elementary,PK,1,1,0,0,1,0,9,7,0,0,4,1,2,1,27,0,27,2013-2014
104,Charlottesville City,140,Charlottesville High,9,20,12,2,0,15,13,62,57,0,0,83,75,5,11,355,0,355,2013-2014
104,Charlottesville City,140,Charlottesville High,10,11,7,1,0,15,8,55,55,0,0,61,70,6,7,296,0,296,2013-2014
104,Charlottesville City,140,Charlottesville High,11,7,9,0,0,9,7,45,41,0,0,72,70,2,6,268,0,268,2013-2014
104,Charlottesville City,140,Charlottesville High,12,10,3,0,0,14,14,55,63,0,0,60,63,1,1,284,0,284,2013-2014
104,Charlottesville City,50,Clark Elementary,1,6,5,0,0,0,0,14,14,0,0,5,7,3,3,57,0,57,2013-2014
104,Charlottesville City,50,Clark Elementary,2,2,7,0,0,1,0,16,12,0,0,10,10,1,1,60,0,60,2013-2014
104,Charlottesville City,50,Clark Elementary,3,2,2,0,0,0,0,14,15,0,0,3,5,1,0,42,0,42,2013-2014
104,Charlottesville City,50,Clark Elementary,4,2,3,0,0,0,1,11,11,0,0,7,4,2,2,43,0,43,2013-2014
104,Charlottesville City,50,Clark Elementary,KG,6,1,0,0,0,1,18,20,0,0,8,7,6,2,69,0,69,2013-2014
104,Charlottesville City,50,Clark Elementary,PK,5,3,0,0,5,3,12,23,0,0,11,6,2,2,72,0,72,2013-2014
104,Charlottesville City,90,Greenbrier Elementary,1,7,2,0,0,3,4,6,9,0,0,16,19,1,3,70,0,70,2013-2014
104,Charlottesville City,90,Greenbrier Elementary,2,0,5,0,0,7,3,7,3,0,0,17,21,1,3,67,0,67,2013-2014
104,Charlottesville City,90,Greenbrier Elementary,3,4,3,0,0,4,7,2,6,0,0,10,17,2,5,60,0,60,2013-2014
104,Charlottesville City,90,Greenbrier Elementary,4,4,5,0,0,2,3,5,11,0,0,13,16,2,5,66,0,66,2013-2014
104,Charlottesville City,90,Greenbrier Elementary,KG,9,7,1,0,7,4,12,5,0,0,21,17,1,0,84,0,84,2013-2014
104,Charlottesville City,90,Greenbrier Elementary,PK,4,3,0,0,5,7,4,2,0,0,2,1,0,0,28,0,28,2013-2014
104,Charlottesville City,120,Jackson-Via Elementary,1,8,7,0,0,0,1,18,17,0,0,10,7,1,0,69,0,69,2013-2014
104,Charlottesville City,120,Jackson-Via Elementary,2,11,4,1,0,0,1,9,19,0,0,8,5,1,4,63,0,63,2013-2014
104,Charlottesville City,120,Jackson-Via Elementary,3,3,2,0,0,0,0,19,10,0,0,3,6,0,2,45,0,45,2013-2014
104,Charlottesville City,120,Jackson-Via Elementary,4,4,2,0,0,1,1,10,8,0,0,4,9,1,3,43,0,43,2013-2014
104,Charlottesville City,120,Jackson-Via Elementary,KG,6,4,0,0,0,0,25,14,0,0,7,6,2,3,67,0,67,2013-2014
104,Charlottesville City,120,Jackson-Via Elementary,PK,6,4,0,0,0,1,11,13,0,0,3,1,3,3,45,0,45,2013-2014
104,Charlottesville City,10,Johnson Elementary,1,1,2,0,1,1,2,13,12,0,0,6,10,3,4,55,0,55,2013-2014
104,Charlottesville City,10,Johnson Elementary,2,2,2,0,0,2,2,12,7,0,0,11,5,2,2,47,0,47,2013-2014
104,Charlottesville City,10,Johnson Elementary,3,3,3,0,0,0,4,12,10,0,0,9,9,4,1,55,0,55,2013-2014
104,Charlottesville City,10,Johnson Elementary,4,4,1,0,0,2,1,6,11,0,0,5,9,0,1,40,0,40,2013-2014
104,Charlottesville City,10,Johnson Elementary,KG,4,2,0,0,1,1,20,23,0,0,11,10,1,0,73,0,73,2013-2014
104,Charlottesville City,10,Johnson Elementary,PK,4,2,0,0,2,5,19,13,0,0,2,2,1,5,55,0,55,2013-2014
104,Charlottesville City,40,Venable Elementary,1,3,0,0,0,1,5,7,8,0,0,17,20,4,0,65,0,65,2013-2014
104,Charlottesville City,40,Venable Elementary,2,2,0,1,0,1,1,11,7,0,0,16,18,2,0,59,0,59,2013-2014
104,Charlottesville City,40,Venable Elementary,3,1,3,0,0,3,3,4,8,0,0,24,16,0,1,63,0,63,2013-2014
104,Charlottesville City,40,Venable Elementary,4,0,3,0,0,1,5,8,6,0,0,14,19,0,1,57,0,57,2013-2014
104,Charlottesville City,40,Venable Elementary,KG,2,2,0,0,2,2,12,4,0,0,18,17,1,1,61,0,61,2013-2014
104,Charlottesville City,40,Venable Elementary,PK,0,1,0,0,1,2,6,8,0,0,7,1,2,0,28,0,28,2013-2014
104,Charlottesville City,110,Walker Upper Elementary,5,20,12,0,0,9,10,45,42,0,0,64,50,5,6,263,0,263,2013-2014
104,Charlottesville City,110,Walker Upper Elementary,6,11,15,1,0,6,5,67,46,0,0,47,63,11,8,280,0,280,2013-2014
104,Charlottesville City,100,Buford Middle,7,11,17,1,0,6,6,62,46,0,0,44,58,9,10,270,0,270,2014-2015
104,Charlottesville City,100,Buford Middle,8,11,11,0,0,9,4,48,53,0,1,51,39,8,4,239,0,239,2014-2015
104,Charlottesville City,70,Burnley-Moran Elementary,1,2,5,0,0,4,2,8,13,0,0,25,21,4,2,86,0,86,2014-2015
104,Charlottesville City,70,Burnley-Moran Elementary,2,1,1,0,0,0,2,10,10,0,0,23,19,4,6,76,0,76,2014-2015
104,Charlottesville City,70,Burnley-Moran Elementary,3,3,2,0,0,2,2,11,7,0,0,22,14,0,2,65,0,65,2014-2015
104,Charlottesville City,70,Burnley-Moran Elementary,4,3,4,1,0,2,0,9,9,0,0,15,13,0,4,60,0,60,2014-2015
104,Charlottesville City,70,Burnley-Moran Elementary,KG,4,4,0,0,1,1,8,14,0,0,19,19,3,7,80,0,80,2014-2015
104,Charlottesville City,70,Burnley-Moran Elementary,PK,3,0,0,0,1,1,7,3,0,0,3,3,2,2,25,0,25,2014-2015
104,Charlottesville City,140,Charlottesville High,9,17,17,0,0,7,14,57,67,0,0,54,68,6,5,312,0,312,2014-2015
104,Charlottesville City,140,Charlottesville High,10,19,10,3,0,18,9,64,49,0,0,81,79,4,7,343,0,343,2014-2015
104,Charlottesville City,140,Charlottesville High,11,5,7,0,0,9,7,41,41,0,0,54,65,4,7,240,0,240,2014-2015
104,Charlottesville City,140,Charlottesville High,12,9,10,0,0,13,9,45,50,0,0,72,67,5,4,284,0,284,2014-2015
104,Charlottesville City,50,Clark Elementary,1,8,1,0,0,0,1,14,16,0,0,8,7,4,1,60,0,60,2014-2015
104,Charlottesville City,50,Clark Elementary,2,5,7,0,0,0,0,18,13,0,0,5,6,2,2,58,0,58,2014-2015
104,Charlottesville City,50,Clark Elementary,3,4,4,0,0,1,0,11,8,0,0,9,9,0,2,48,0,48,2014-2015
104,Charlottesville City,50,Clark Elementary,4,3,3,0,0,0,0,13,15,0,0,4,5,2,1,46,0,46,2014-2015
104,Charlottesville City,50,Clark Elementary,KG,4,4,0,0,0,0,19,25,0,0,12,11,5,3,83,0,83,2014-2015
104,Charlottesville City,50,Clark Elementary,PK,5,5,1,0,0,1,20,18,0,0,10,3,3,1,67,0,67,2014-2015
104,Charlottesville City,90,Greenbrier Elementary,1,6,6,1,0,5,3,11,7,0,0,26,20,1,1,87,0,87,2014-2015
104,Charlottesville City,90,Greenbrier Elementary,2,9,2,0,0,1,5,4,13,0,0,17,19,2,2,74,0,74,2014-2015
104,Charlottesville City,90,Greenbrier Elementary,3,0,4,0,0,6,3,7,3,0,0,15,21,1,4,64,0,64,2014-2015
104,Charlottesville City,90,Greenbrier Elementary,4,3,3,0,0,3,5,5,6,0,0,10,15,1,5,56,0,56,2014-2015
104,Charlottesville City,90,Greenbrier Elementary,KG,7,8,0,0,6,10,8,3,0,0,12,5,6,2,67,0,67,2014-2015
104,Charlottesville City,90,Greenbrier Elementary,PK,3,5,0,0,1,7,2,3,0,0,5,3,0,0,29,0,29,2014-2015
104,Charlottesville City,120,Jackson-Via Elementary,1,7,4,0,0,0,0,22,14,0,0,3,7,2,4,63,0,63,2014-2015
104,Charlottesville City,120,Jackson-Via Elementary,2,7,5,0,0,0,1,14,12,0,0,8,8,2,1,58,0,58,2014-2015
104,Charlottesville City,120,Jackson-Via Elementary,3,10,5,1,0,0,0,9,17,0,0,7,2,1,5,57,0,57,2014-2015
104,Charlottesville City,120,Jackson-Via Elementary,4,3,2,0,0,0,0,17,12,0,0,4,3,0,2,43,0,43,2014-2015
104,Charlottesville City,120,Jackson-Via Elementary,KG,5,4,0,0,1,1,16,18,0,0,8,5,3,3,64,0,64,2014-2015
104,Charlottesville City,120,Jackson-Via Elementary,PK,5,3,0,0,0,2,14,12,0,0,4,1,1,1,43,0,43,2014-2015
104,Charlottesville City,10,Johnson Elementary,1,3,3,0,0,1,3,23,20,0,0,12,11,1,0,77,0,77,2014-2015
104,Charlottesville City,10,Johnson Elementary,2,1,4,0,1,1,1,15,11,0,0,6,9,3,3,55,0,55,2014-2015
104,Charlottesville City,10,Johnson Elementary,3,3,2,0,0,1,2,9,5,0,0,9,5,2,2,40,0,40,2014-2015
104,Charlottesville City,10,Johnson Elementary,4,3,1,0,0,0,5,8,11,0,0,8,7,4,2,49,0,49,2014-2015
104,Charlottesville City,10,Johnson Elementary,KG,2,2,0,0,2,0,20,17,0,0,10,5,2,6,66,0,66,2014-2015
104,Charlottesville City,10,Johnson Elementary,PK,5,4,0,0,2,3,16,15,0,0,3,1,2,2,53,0,53,2014-2015
104,Charlottesville City,40,Venable Elementary,1,2,2,0,0,3,2,11,6,0,0,15,20,0,1,62,0,62,2014-2015
104,Charlottesville City,40,Venable Elementary,2,2,1,0,0,1,5,7,8,0,0,15,19,3,0,61,0,61,2014-2015
104,Charlottesville City,40,Venable Elementary,3,2,0,0,0,1,3,10,9,0,0,16,16,2,0,59,0,59,2014-2015
104,Charlottesville City,40,Venable Elementary,4,1,2,0,0,4,5,4,7,0,0,21,16,0,1,61,0,61,2014-2015
104,Charlottesville City,40,Venable Elementary,KG,2,1,0,0,1,2,9,11,0,0,15,12,4,3,60,0,60,2014-2015
104,Charlottesville City,40,Venable Elementary,PK,1,1,0,0,3,5,11,9,0,0,4,2,1,1,38,0,38,2014-2015
104,Charlottesville City,110,Walker Upper Elementary,5,13,16,0,0,6,12,47,52,0,0,55,52,9,11,273,0,273,2014-2015
104,Charlottesville City,110,Walker Upper Elementary,6,21,10,0,0,9,8,44,44,0,0,60,44,7,8,255,0,255,2014-2015
104,Charlottesville City,100,Buford Middle,7,20,9,0,0,8,9,43,43,0,0,54,46,6,10,248,1,249,2015-2016
104,Charlottesville City,100,Buford Middle,8,11,15,0,0,7,5,63,39,0,0,42,59,8,10,259,1,260,2015-2016
104,Charlottesville City,70,Burnley-Moran Elementary,1,3,3,0,0,1,1,9,13,0,0,21,21,1,6,79,0,79,2015-2016
104,Charlottesville City,70,Burnley-Moran Elementary,2,1,7,0,0,4,2,9,10,0,0,22,23,4,2,84,0,84,2015-2016
104,Charlottesville City,70,Burnley-Moran Elementary,3,1,1,0,0,0,1,11,12,0,0,18,18,4,6,72,0,72,2015-2016
104,Charlottesville City,70,Burnley-Moran Elementary,4,4,1,0,0,2,2,9,6,0,0,20,12,1,2,59,0,59,2015-2016
104,Charlottesville City,70,Burnley-Moran Elementary,KG,2,0,0,0,1,2,6,3,0,0,17,24,2,1,58,0,58,2015-2016
104,Charlottesville City,70,Burnley-Moran Elementary,PK,3,0,0,0,2,0,11,6,0,0,6,4,1,2,35,0,35,2015-2016
104,Charlottesville City,140,Charlottesville High,9,19,14,1,0,12,11,55,65,0,1,71,61,11,7,328,0,328,2015-2016
104,Charlottesville City,140,Charlottesville High,10,16,17,0,0,8,13,47,53,0,0,54,66,4,3,281,1,282,2015-2016
104,Charlottesville City,140,Charlottesville High,11,11,9,2,0,13,7,42,46,0,0,79,68,5,8,290,0,290,2015-2016
104,Charlottesville City,140,Charlottesville High,12,8,7,1,0,11,7,47,45,0,0,56,70,5,7,264,1,265,2015-2016
104,Charlottesville City,50,Clark Elementary,1,5,3,0,0,0,0,14,23,0,0,12,9,2,2,70,0,70,2015-2016
104,Charlottesville City,50,Clark Elementary,2,8,3,0,0,0,1,10,14,0,0,8,3,2,0,49,0,49,2015-2016
104,Charlottesville City,50,Clark Elementary,3,4,7,0,0,1,0,15,15,0,0,4,5,1,2,54,0,54,2015-2016
104,Charlottesville City,50,Clark Elementary,4,4,4,0,0,1,0,10,12,0,0,9,9,0,1,50,0,50,2015-2016
104,Charlottesville City,50,Clark Elementary,KG,7,2,0,0,0,1,18,14,0,0,15,6,2,2,67,0,67,2015-2016
104,Charlottesville City,50,Clark Elementary,PK,6,4,0,0,0,0,14,21,0,0,5,4,0,1,55,0,55,2015-2016
104,Charlottesville City,90,Greenbrier Elementary,1,4,8,0,0,6,9,9,3,0,0,20,11,8,1,79,0,79,2015-2016
104,Charlottesville City,90,Greenbrier Elementary,2,7,5,0,0,7,2,13,7,0,0,26,19,0,1,87,0,87,2015-2016
104,Charlottesville City,90,Greenbrier Elementary,3,5,3,0,0,2,7,3,12,0,0,15,12,2,2,63,0,63,2015-2016
104,Charlottesville City,90,Greenbrier Elementary,4,1,3,0,0,5,2,5,4,0,0,15,20,2,5,62,0,62,2015-2016
104,Charlottesville City,90,Greenbrier Elementary,KG,4,4,0,0,4,7,5,7,0,0,13,21,5,1,71,0,71,2015-2016
104,Charlottesville City,90,Greenbrier Elementary,PK,3,6,1,0,2,5,3,5,0,0,3,1,0,0,29,0,29,2015-2016
104,Charlottesville City,120,Jackson-Via Elementary,1,6,3,0,0,1,0,11,17,0,0,8,7,2,3,58,0,58,2015-2016
104,Charlottesville City,120,Jackson-Via Elementary,2,6,4,0,0,0,0,20,13,0,0,3,7,4,4,61,0,61,2015-2016
104,Charlottesville City,120,Jackson-Via Elementary,3,6,5,0,0,0,1,12,13,0,0,8,7,2,1,55,0,55,2015-2016
104,Charlottesville City,120,Jackson-Via Elementary,4,10,5,1,0,0,0,7,18,0,0,7,1,1,5,55,0,55,2015-2016
104,Charlottesville City,120,Jackson-Via Elementary,KG,4,4,0,0,1,0,22,10,0,0,11,8,4,4,68,0,68,2015-2016
104,Charlottesville City,120,Jackson-Via Elementary,PK,5,4,0,1,1,1,8,15,0,0,0,2,2,1,40,0,40,2015-2016
104,Charlottesville City,10,Johnson Elementary,1,4,1,0,0,2,0,20,16,0,0,9,5,2,7,66,0,66,2015-2016
104,Charlottesville City,10,Johnson Elementary,2,6,2,0,0,1,3,20,17,0,0,12,11,1,0,73,0,73,2015-2016
104,Charlottesville City,10,Johnson Elementary,3,0,4,0,1,1,1,13,13,0,0,6,10,3,4,56,0,56,2015-2016
104,Charlottesville City,10,Johnson Elementary,4,5,2,0,0,2,2,8,6,0,0,9,6,2,4,46,0,46,2015-2016
104,Charlottesville City,10,Johnson Elementary,KG,5,6,0,0,2,0,12,18,0,0,12,9,1,2,67,0,67,2015-2016
104,Charlottesville City,10,Johnson Elementary,PK,4,5,0,0,1,3,17,10,0,0,5,1,2,1,49,0,49,2015-2016
104,Charlottesville City,40,Venable Elementary,1,1,1,0,0,3,4,8,6,0,0,21,13,3,2,62,0,62,2015-2016
104,Charlottesville City,40,Venable Elementary,2,2,1,0,0,4,2,11,10,0,0,17,23,2,2,74,0,74,2015-2016
104,Charlottesville City,40,Venable Elementary,3,1,1,0,0,1,4,6,10,0,0,16,16,3,0,58,0,58,2015-2016
104,Charlottesville City,40,Venable Elementary,4,3,0,0,0,0,2,8,10,0,0,16,17,2,0,58,0,58,2015-2016
104,Charlottesville City,40,Venable Elementary,KG,1,1,0,0,3,4,9,8,0,0,21,15,1,0,63,0,63,2015-2016
104,Charlottesville City,40,Venable Elementary,PK,1,0,0,0,1,1,14,7,0,0,5,4,1,3,37,0,37,2015-2016
104,Charlottesville City,110,Walker Upper Elementary,5,19,14,1,0,8,14,55,59,0,0,46,47,8,15,286,0,286,2015-2016
104,Charlottesville City,110,Walker Upper Elementary,6,17,14,0,0,7,11,39,43,0,0,49,51,11,10,252,1,253,2015-2016
104,Charlottesville City,100,Buford Middle,7,22,18,0,0,8,11,37,45,0,0,51,43,9,9,253,1,254,2016-2017
104,Charlottesville City,100,Buford Middle,8,23,12,0,0,9,12,45,45,0,0,53,41,5,7,252,1,253,2016-2017
104,Charlottesville City,70,Burnley-Moran Elementary,1,4,2,0,0,1,2,7,7,0,0,21,25,2,1,72,0,72,2016-2017
104,Charlottesville City,70,Burnley-Moran Elementary,2,3,4,0,0,1,0,7,19,0,0,20,18,1,3,76,0,76,2016-2017
104,Charlottesville City,70,Burnley-Moran Elementary,3,2,5,0,0,4,2,10,13,0,0,23,23,3,1,86,0,86,2016-2017
104,Charlottesville City,70,Burnley-Moran Elementary,4,1,0,0,0,0,1,16,15,0,0,16,20,1,1,71,0,71,2016-2017
104,Charlottesville City,70,Burnley-Moran Elementary,KG,9,4,0,0,1,0,14,13,0,0,19,16,1,4,81,0,81,2016-2017
104,Charlottesville City,70,Burnley-Moran Elementary,PK,1,0,0,0,0,1,8,5,0,0,2,1,2,1,21,0,21,2016-2017
104,Charlottesville City,140,Charlottesville High,9,25,18,0,0,10,9,67,46,0,0,73,84,11,9,352,0,352,2016-2017
104,Charlottesville City,140,Charlottesville High,10,15,18,0,0,11,6,54,49,0,1,68,60,7,4,293,1,294,2016-2017
104,Charlottesville City,140,Charlottesville High,11,11,18,0,0,7,11,34,49,0,0,52,64,5,2,253,1,254,2016-2017
104,Charlottesville City,140,Charlottesville High,12,17,12,2,0,13,9,48,48,0,0,76,61,5,7,298,1,299,2016-2017
104,Charlottesville City,50,Clark Elementary,1,5,2,0,0,1,2,14,14,0,0,11,10,2,2,63,0,63,2016-2017
104,Charlottesville City,50,Clark Elementary,2,5,3,0,0,0,0,14,19,0,0,10,8,4,3,66,0,66,2016-2017
104,Charlottesville City,50,Clark Elementary,3,9,1,0,0,2,1,17,11,0,0,8,4,2,0,55,0,55,2016-2017
104,Charlottesville City,50,Clark Elementary,4,5,6,0,0,2,0,15,12,0,0,3,8,0,1,52,0,52,2016-2017
104,Charlottesville City,50,Clark Elementary,KG,4,2,0,0,2,1,15,20,0,0,9,11,0,2,66,0,66,2016-2017
104,Charlottesville City,50,Clark Elementary,PK,6,2,0,0,0,1,16,15,0,0,5,4,3,1,53,0,53,2016-2017
104,Charlottesville City,90,Greenbrier Elementary,1,3,4,0,0,5,7,4,6,0,0,18,28,6,1,82,0,82,2016-2017
104,Charlottesville City,90,Greenbrier Elementary,2,4,7,0,0,4,11,9,5,0,0,19,9,6,2,76,0,76,2016-2017
104,Charlottesville City,90,Greenbrier Elementary,3,7,5,0,0,5,2,8,6,0,0,23,16,2,1,75,0,75,2016-2017
104,Charlottesville City,90,Greenbrier Elementary,4,6,2,0,0,2,5,3,11,0,0,16,10,4,2,61,0,61,2016-2017
104,Charlottesville City,90,Greenbrier Elementary,KG,3,7,0,0,3,4,4,5,0,0,15,14,3,5,63,0,63,2016-2017
104,Charlottesville City,90,Greenbrier Elementary,PK,2,4,0,0,2,2,6,2,0,0,3,2,3,0,26,0,26,2016-2017
104,Charlottesville City,120,Jackson-Via Elementary,1,4,4,0,0,0,0,23,12,0,0,6,6,3,3,61,0,61,2016-2017
104,Charlottesville City,120,Jackson-Via Elementary,2,5,6,0,0,1,1,12,17,0,0,9,5,1,3,60,0,60,2016-2017
104,Charlottesville City,120,Jackson-Via Elementary,3,7,3,0,0,0,1,20,15,0,0,4,7,3,3,63,0,63,2016-2017
104,Charlottesville City,120,Jackson-Via Elementary,4,9,5,0,0,0,1,13,11,0,0,7,8,2,2,58,0,58,2016-2017
104,Charlottesville City,120,Jackson-Via Elementary,KG,6,6,0,0,0,1,13,19,0,0,11,7,3,1,67,0,67,2016-2017
104,Charlottesville City,120,Jackson-Via Elementary,PK,2,3,0,1,1,0,19,12,0,0,3,1,0,1,43,0,43,2016-2017
104,Charlottesville City,10,Johnson Elementary,1,5,4,1,0,3,0,8,18,0,0,13,8,1,3,64,0,64,2016-2017
104,Charlottesville City,10,Johnson Elementary,2,4,1,0,0,2,0,19,15,0,0,7,5,3,4,60,0,60,2016-2017
104,Charlottesville City,10,Johnson Elementary,3,6,3,0,0,2,3,14,16,0,0,11,11,1,0,67,0,67,2016-2017
104,Charlottesville City,10,Johnson Elementary,4,1,3,0,1,1,1,10,10,0,0,8,9,3,2,49,0,49,2016-2017
104,Charlottesville City,10,Johnson Elementary,KG,3,6,1,1,3,2,13,11,0,0,15,7,1,2,65,0,65,2016-2017
104,Charlottesville City,10,Johnson Elementary,PK,4,1,0,0,1,0,20,15,0,0,3,2,6,1,53,0,53,2016-2017
104,Charlottesville City,40,Venable Elementary,1,3,1,0,0,2,3,6,6,0,0,26,20,0,1,68,0,68,2016-2017
104,Charlottesville City,40,Venable Elementary,2,1,1,0,0,4,3,5,7,0,0,21,19,3,2,66,0,66,2016-2017
104,Charlottesville City,40,Venable Elementary,3,1,2,0,0,4,1,11,5,0,0,16,21,3,2,66,0,66,2016-2017
104,Charlottesville City,40,Venable Elementary,4,2,1,0,0,2,2,6,9,0,0,17,17,2,0,58,0,58,2016-2017
104,Charlottesville City,40,Venable Elementary,KG,1,4,0,0,1,1,6,2,0,0,20,16,1,3,55,0,55,2016-2017
104,Charlottesville City,40,Venable Elementary,PK,2,0,0,0,5,3,7,10,0,0,2,2,2,1,34,0,34,2016-2017
104,Charlottesville City,110,Walker Upper Elementary,5,27,20,0,0,8,8,50,48,0,0,61,46,10,15,293,2,295,2016-2017
104,Charlottesville City,110,Walker Upper Elementary,6,16,14,1,0,10,12,58,57,0,0,46,44,6,11,275,0,275,2016-2017
